gp_idx,total_loading,mean_loading,frac_active,entropy,f_stat_level1,f_stat_cluster,eta_sq_level1,eta_sq_cluster,gini_cluster,n_strong_genes,max_gene_effect,match_count,mean_corr,group_idx,within_group_pos
0,8847.09241470771,0.013961363100074658,0.014541948352806762,9.101941460053041,259.39042981488876,153.9644892328486,0.003264055109097886,0.026726333127254077,0.6512359635095297,1382,0.76712775,0,,0,0
1,10910.182775513866,0.01721707156171509,0.017726500905814256,9.307362288694879,120.2187089311221,275.06877179906405,0.0015154333119644803,0.04676542784370553,0.6873283884153932,1394,1.4257284,7,0.8191606642131009,0,1
2,6733.980746133042,0.010626717332508067,0.012253741612538742,8.862515377733516,1478.6597359604189,258.3588796136487,0.018325638253541714,0.04404966024017817,0.8028851798619796,157,0.18776453,7,0.844770853573821,0,2
3,10843.636794478834,0.01711205710492743,0.017483477569261652,9.298724087505912,1659.2353523441252,1493.5208632073325,0.020517668661732224,0.2103451257545877,0.8504230564513339,703,0.4907403,5,0.8073907885200203,0,3
4,5070.987872578024,0.008002392158517531,0.009739870345471876,8.600306251558813,616.6268429104949,190.7711077215164,0.007724636442696381,0.032905269855528364,0.8006736781571084,360,0.4834596,1,0.9047776174130944,1,0
5,12668.184996353713,0.019991328479737083,0.020159890418568246,9.449256268969398,561.1123419954682,2014.6425087690723,0.007034084417584704,0.2643382487775261,0.8473681849005921,1927,1.1809032,8,0.8842844748867283,1,1
6,9667.478715118175,0.015255993074021397,0.016280985475410455,9.199015883085721,1042.0228411222,1714.41317323359,0.01298448212933494,0.23417018695991834,0.8850970353437905,461,0.35536867,5,0.9413800773936221,1,2
7,23154.12283280323,0.036538910297251044,0.03786587636740078,10.064598845660283,3953.232921512981,691.9372419120959,0.04753618267050926,0.10985308005326554,0.8369913910683363,1625,2.261536,3,0.8234324359801742,1,3
8,16323.840694955503,0.025760222279488678,0.027371686834447455,9.719667562127142,2336.923858789354,1167.7495551090192,0.02865763243082457,0.17237265812803135,0.8125399080642903,714,0.9950222,6,0.7519415455302325,2,0
9,19070.451873426413,0.03009457690809049,0.03183447901477708,9.87569390294195,1962.520803222128,1062.7797419605592,0.02417734344876821,0.15934699438911296,0.8946014517202833,1229,1.9750421,9,0.9371155159454373,2,1
10,10606.894101978742,0.01673845970859094,0.017933228549245367,9.2935500063626,978.3109811890391,443.6959498228416,0.012200264532119531,0.07333199049687225,0.8473106784189246,1138,1.9046233,0,,2,2
11,2791.490782319482,0.004405177947241026,0.004625333762569356,7.951961300067573,171.8824654141846,67.79304643471164,0.0021652776852152094,0.011946738157717011,0.724241549431792,714,1.1201417,0,,2,3
12,6133.59765166998,0.009679268612857481,0.010199089767139458,8.74112177454269,768.1601273422681,178.2307780785379,0.009604698695942354,0.030808883942662617,0.7328583574560839,1180,0.3888877,1,0.8395012817031032,3,0
13,6585.258056037636,0.010392021979468688,0.010735634795891959,8.80413644232026,390.8392811153088,713.5986525308945,0.004910028002374777,0.11290380451037008,0.8521261104490022,845,0.44449985,1,0.6340107155628413,3,1
14,6223.059199861596,0.009820445521524288,0.01143314333327021,8.78828899566953,57.20034530955039,86.51381801956018,0.0007216199900193507,0.015195649778885956,0.6661354701869726,510,0.4430679,3,0.6717425693175091,3,2
15,982.9999476043815,0.0015512462798561767,0.0015512463625403199,6.890609135361078,60.50422881438713,72.66787994523504,0.000763268840611454,0.012794807597453732,0.819408960458605,2562,1.880929,0,,3,3
16,16678.995102414963,0.02632068207878842,0.026685224812367046,9.726710073288093,20620.63998266013,3192.593458398098,0.20655751665710767,0.36281913477672967,0.8577058511595843,659,0.52290654,9,0.8440881585465165,4,0
17,10843.861365610805,0.017112411494705253,0.01935822902266745,9.341106690021508,156.7410210970738,121.54731060195178,0.001974911069799724,0.02121851270049151,0.7202262451834073,296,0.5307931,5,0.6661846719596068,4,1
18,9091.940591358509,0.014347751547077896,0.015389373883512919,9.144688026570924,434.36387500906983,134.6005130467114,0.005453835808622067,0.02344378880961098,0.7802910203654956,1152,1.1541064,6,0.8763356773716149,4,2
19,30253.52867804925,0.04774229533655457,0.05148307358241647,10.341536246981937,5327.857230512033,1277.167854419977,0.06302379543234027,0.1855274827673898,0.9136460257656243,1441,2.557722,9,0.9001002857269094,4,3
20,5672.182753104315,0.008951121936334697,0.011324256253905733,8.717059408332354,509.89099831833465,104.92956901067558,0.006396082451751258,0.018370846803005325,0.7965621761145831,349,0.3700962,4,0.7276014095800803,5,0
21,10303.403852008536,0.01625952975301339,0.016337796125513664,9.242013628561514,6576.558341622453,1892.7445930192312,0.07666243270249033,0.25238079406150554,0.8888454792280738,752,1.0136663,9,0.8589585118369601,5,1
22,11872.798493213144,0.018736150026216765,0.01909784687636109,9.389089831102023,4628.813541215313,1422.4937873974536,0.0552112780793178,0.20236612169870702,0.8044550151940209,855,0.77542627,8,0.7404514068724194,5,2
23,7349.311368209387,0.011597754351079383,0.012327911072395704,8.927045475127873,133.86023639306111,52.73395026689795,0.0016871033301609345,0.009317696262327148,0.627036574619305,725,0.64746344,1,0.5930193263693866,5,3
24,10023.95673662455,0.01581854163372367,0.01596379267900089,9.21626839679977,438.6855112055402,1730.079751613665,0.005507799039799874,0.2358054747175833,0.8176787171691523,2048,1.0460093,9,0.9362442660171045,6,0
25,8067.4819578104625,0.012731080408863822,0.012828160408026713,8.999039604137224,795.858530235103,523.3782638995758,0.009947580865873442,0.08537713464255094,0.806716312394772,1596,1.697379,4,0.7555119938546553,6,1
26,6040.859199441757,0.009532920508394967,0.010301664552048024,8.740506610026198,172.42132733189695,65.75296188932947,0.0021720512171444863,0.011591394246144379,0.7126555914566762,490,0.485811,1,0.6550422429840003,6,2
27,7266.8255331202445,0.01146758563119827,0.012190618667979623,8.912713497540235,242.97043600385254,391.1236553032319,0.00305806499066232,0.06520968829511355,0.823274451028553,813,1.0711002,1,0.740140753784456,6,3
28,7257.524653362014,0.011452908158265024,0.013116947879384678,8.939142714659393,355.3646002134666,132.79315037531285,0.004466357861523287,0.023136278008365905,0.781753762682478,557,0.58036464,7,0.9038349401703343,7,0
29,6289.342177577064,0.009925044939712954,0.010506814121865157,8.764478037693811,476.73369757672344,155.48854590641312,0.0059826449724884245,0.026983751784879238,0.7454477368461054,1175,1.6079634,0,,7,1
30,18604.117492453337,0.02935866692618614,0.02979245175828962,9.836546096039042,2309.8344473756238,1792.707614305794,0.02833484847355797,0.24227344268413925,0.8346879411830272,1167,0.99471104,7,0.6712417796622362,7,2
31,8903.3245011563,0.014050101471958105,0.0141742572007499,9.097718731729918,132.14085644586729,714.8627204411472,0.0016654692693917304,0.1130811862170531,0.8378984814930215,873,1.2231349,9,0.9515346621963858,7,3
32,11205.823870821541,0.017683614973427672,0.017726500905814256,9.325083785527182,8725.31046868743,9904.932521863657,0.09922490109769502,0.6385439838246312,0.9262775301374949,1519,2.3090377,9,0.958847885921351,8,0
33,11739.393228339944,0.01852562669775463,0.018924258778823515,9.378153027280526,1375.2483528774544,1193.6454199892212,0.017065890434894586,0.17552422833684106,0.811450424513458,649,0.69095695,5,0.7868546289379527,8,1
34,6699.1656285275685,0.01057177651404733,0.011608309504421762,8.845262815063485,159.6083842622951,218.20215143037595,0.0020109667209614666,0.03745949192085864,0.7321858086282006,416,0.3610592,4,0.8430784948906709,8,2
35,5818.131220838641,0.009181439362266746,0.010558890551126429,8.720414918972958,61.02996263196906,58.07475378051579,0.0007698959360777653,0.010251702137794772,0.7536135604434759,99,0.26364708,2,0.8426174170924876,8,3
36,4556.71251746988,0.007190827790302233,0.008349587491557306,8.472917212073227,181.64454987336342,46.28116088038193,0.002287973512662279,0.008186870777719414,0.7253151632715374,241,0.33194184,7,0.7580580890237023,9,0
37,5978.735110550423,0.009434884122923134,0.009815617878942817,8.70847959957663,130.18131452744566,166.2650801867695,0.0016408122325686468,0.028800068956230006,0.6678399298495588,621,0.6281446,6,0.6514259069629702,9,1
38,27326.839362591763,0.043123764151519944,0.04527335391141326,10.232935128973551,7874.569681471994,1795.5086032905267,0.09042504574494074,0.2425601613005186,0.9245941898158092,1244,2.0034683,7,0.9163635733432403,9,2
39,4833.13111879264,0.007627036691462369,0.010124920307282494,8.579023704703598,32.87012524111864,31.038094456629963,0.000414805577368081,0.005505304690450592,0.6674286031905922,238,0.3361659,0,,9,3
40,3226.57010619617,0.0050917651482381915,0.0068204341596126775,8.18879126457468,108.65577652519652,39.944286937999244,0.0013698748627702195,0.007073843749180981,0.768412078705721,143,0.29210734,6,0.7991594824157683,10,0
41,16672.6458570609,0.026310662502226502,0.0269961053143207,9.731605262695957,8567.566580370523,1461.9512634124771,0.09760611871542448,0.2068184719663726,0.7858820886300968,510,0.5114914,2,0.7872841075108352,10,1
42,11935.768932971514,0.018835522015660036,0.019138876790324517,9.393214789106043,2638.83992785496,3102.6217053047135,0.03224065338726035,0.356236816429943,0.929827669449014,1215,1.3310224,9,0.8556093849714662,10,2
43,4658.527042534027,0.0073514986058256585,0.008662046067124939,8.499827265480532,340.1532179782572,129.25216155561446,0.004275992901506389,0.022533240434450583,0.7657076506725062,421,0.6277815,9,0.736070399645954,10,3
44,6575.884992128316,0.010377230594631262,0.01214012031233233,8.854912716483492,240.8988654245741,156.32124544026888,0.0030320709256788257,0.027124340217984166,0.7447575367438198,373,0.5093112,5,0.7528908786265238,11,0
45,5934.857896846271,0.009365642649721739,0.009593109499371926,8.69893422921912,896.8257215594348,257.4110493909905,0.011195459446100868,0.043895150719970265,0.7553993822912235,989,0.74630344,8,0.6311554144125098,11,1
46,66.60704442359159,0.0001051108193099267,0.00010730900575050025,4.20682705297082,16.251873873666593,7.933133371372385,0.0002051340521361781,0.0014129101378682403,0.913775749459034,514,0.3257798,0,,11,2
47,10265.097083340448,0.016199078852141523,0.016625005523257647,9.245097652981416,921.8012369566624,1151.3947260014277,0.011503652888244087,0.17036980441770266,0.8129977467667012,2182,0.73512375,5,0.8578671275183977,11,3
48,14213.326332336312,0.02242967525191785,0.02262957562444373,9.56520320112613,26014.49066289811,6044.388570710519,0.24722994635304307,0.5187780790343517,0.92319788017759,1819,1.6190082,9,0.8896256455281661,12,0
49,11250.222951510574,0.01775367999114791,0.018509225418347316,9.342297438285202,975.4489010572393,321.90650689933796,0.0121650064638276,0.054296116316461834,0.7634302363916332,1348,1.3131356,1,0.8245281070978464,12,1
50,8987.25382572429,0.014182548124497842,0.015067446866261417,9.12800589654442,1365.592504676805,530.6086144341152,0.016948098732991013,0.0864546298986622,0.8174758252422045,616,0.5087782,5,0.8042701210729561,12,2
51,4995.522788169197,0.007883302700035344,0.008242278485806807,8.532386705139093,35.2345516566083,485.12598909873105,0.0004446302638874157,0.07963407014543321,0.8248742537378545,775,0.4559195,0,,12,3
52,8668.56638476867,0.013679635882819624,0.013910718907215585,9.073316892814091,13438.230389309258,2619.9051735211674,0.1450467104124411,0.3184629337081403,0.9169679478470544,1446,1.929751,6,0.8846504205162651,13,0
53,3718.2704092284343,0.005867704422438367,0.006842527190208369,8.274568357611024,69.65658621601712,72.86796160860196,0.0008786255939600563,0.012829584483338506,0.7298735059379117,310,0.3502344,5,0.7824077169130135,13,1
54,10548.272660628914,0.01664595075878342,0.017710720169674475,9.287545008335051,340.70280498268704,80.72109143530338,0.004282872052217487,0.014192631408303015,0.5665126654211106,431,0.41319138,2,0.6284204889537996,13,2
55,7390.297893834206,0.01166243410569654,0.013418359939654465,8.980365326017246,700.6350294218641,245.8485417684945,0.00876780054418588,0.04200627207235872,0.7496523733516058,587,0.69765365,8,0.8509653433504262,13,3
56,9978.322887719969,0.015746528060863095,0.016582397535680245,9.22896074938976,1656.919829986805,482.10586535684695,0.020489622202554368,0.07917756571037367,0.7904813219309383,866,0.46662617,8,0.6944649530035271,14,0
57,4056.89064990074,0.006402072089402194,0.007192859532511473,8.355102735434858,177.46682210783058,103.3327009270945,0.0022354689774094173,0.018096329824191085,0.7886073213907225,434,0.4098528,0,,14,1
58,15027.254373560276,0.02371411361745014,0.024543778918198977,9.629711539665625,1290.7782019261697,377.03335653534907,0.01603448130947513,0.06300851676752943,0.7510644456393509,1059,1.8510954,4,0.8122199826268682,14,2
59,24950.29921493687,0.039373408851946505,0.039581242385794815,10.126876799667707,159.5157103776243,9342.561868972933,0.0020098014341627594,0.6249466098992251,0.9174262918418676,4917,1.9600328,9,0.9829055086462226,14,3
60,14869.117893960534,0.02346456261158643,0.023499094185745577,9.607674292177425,468.8084660210718,5713.014828191937,0.005883774524315004,0.5046909131320502,0.8966183077330712,2235,1.1913189,9,0.903803778746263,15,0
61,8532.5028792068,0.013464917654867096,0.013648758687295245,9.056320283639607,789.2184684876773,558.2434232591728,0.009865404306121447,0.09054958786421619,0.8192763470122689,1742,1.8166846,3,0.682648142406279,15,1
62,5595.158703489186,0.008829572315995333,0.00952998655481281,8.65389498705743,252.51192779540216,183.20796987985574,0.003177774119872739,0.03164201548674543,0.7981022571868717,827,0.8953805,1,0.6306610213387052,15,2
63,12276.115560858652,0.0193726140487351,0.019588627770308228,9.419877309608097,1477.653372169142,1575.5834179805165,0.018313394382966513,0.2193673353541687,0.8718522677106579,1086,0.93978643,9,0.7103099387579688,15,3
64,7912.355020061845,0.01248627868158553,0.012851831512236383,8.986071503286329,124.60483031778284,81.94076429921596,0.0015706363223462621,0.014403989168070471,0.5322138629653523,1429,0.7608503,0,,16,0
65,8716.24739599907,0.013754880028530102,0.014125336918716584,9.084798488823285,85.77584866845838,28.002972260662247,0.001081728803721656,0.004969632839343965,0.39574208948738365,1419,1.4536123,0,,16,1
66,13177.817379324968,0.020795565896132722,0.030112800701927143,9.601001030135714,866.3642698869879,129.38647654659871,0.010819310290311487,0.022556128134399254,0.5751506508141835,166,0.1779741,3,0.6814405688748804,16,2
67,6717.944874303056,0.010601411546296034,0.01087292720030804,8.824316906270631,489.4667209967448,232.66372215339743,0.006141453381596565,0.039843240590510934,0.6972653758463212,678,0.45391035,2,0.8044472546847189,16,3
68,16613.956471249217,0.026218046331056517,0.03313007745185297,9.808056218595407,631.5338086377171,180.3844767849392,0.00790990255573586,0.03116956719965262,0.6381560360852652,317,0.48214388,0,,17,0
69,4265.2501477346395,0.006730878715155566,0.006744686626141736,8.35924307509358,136.95319487929478,580.4926249507338,0.0017260180526933722,0.09381991958586504,0.85373166333256,1919,1.1949683,0,,17,1
70,11438.59152895962,0.018050939472922814,0.01913729871671054,9.363560282304686,245.32717419544034,333.790932603399,0.003087635690302989,0.05618803597276289,0.6767119046647989,475,0.36822915,4,0.8696176015951567,17,2
71,10344.042911396757,0.016323661180330823,0.017112630269976833,9.260534243684518,806.0312115819559,165.8272694422668,0.010073450223455661,0.028726410862249897,0.6883420074370005,1690,2.3153162,5,0.7530236493326082,17,3
72,18389.313734498275,0.02901969078357395,0.032210060534903835,9.847951453549049,684.0505396822344,256.0115119538998,0.008562037928170618,0.04366691529129053,0.6345136848322132,668,0.9700887,0,,18,0
73,17763.315236279126,0.028031819071144493,0.029397933354795135,9.805756742758629,360.0857932258486,240.61124312513118,0.004525427087681164,0.041148236457308036,0.6561190265023578,1262,2.0394335,0,,18,1
74,13718.832521723562,0.021649327617114463,0.022563296532656655,9.543209430915596,401.66779199288084,218.34484393618638,0.005045377850939038,0.03748307021579715,0.6595881726324825,1194,1.9932644,1,0.6165444240122467,18,2
75,3895.7384371352923,0.0061477620346028815,0.006269686468334375,8.276086996844647,246.1770162713176,97.39300357378357,0.0030982984829166405,0.017073889638477453,0.6363327249344993,755,1.191987,0,,18,3
76,7847.076319967408,0.01238326408741172,0.012985967769424508,8.98375648017014,515.9831255922687,109.70945708095498,0.006472007623715337,0.01919163891263048,0.5369736838976626,1155,0.3518479,0,,19,0
77,6601.520665208165,0.010417685573895136,0.010697761029156488,8.801809576100617,227.11955423740582,263.9355707063936,0.0028591336452080452,0.044957728202538155,0.6972366875295826,907,0.4424442,9,0.720668909537776,19,1
78,19336.819895859408,0.030514925255899484,0.03206014354157593,9.892328788784628,98.51132543664548,93.23500417965587,0.0012421378251389569,0.0163568771962784,0.4937601901426633,515,0.4575802,4,0.6693426145100082,19,2
79,301.0,0.0004750001578073614,0.0004750001578073614,5.707110264748875,85.36819261736062,98.07607293238598,0.0010765933425118744,0.0171915793188092,0.9453506005515961,2740,1.9652134,0,,19,3
80,4850.494145422758,0.007654436825646155,0.007803574021120937,8.493772998190636,3409.78233674004,437.6149267874671,0.04127108586743887,0.0723997122896697,0.8146739835084669,667,0.5349093,0,,20,0
81,29993.756272188486,0.04733235535722614,0.05384702785615544,10.353971570910081,268.16466595461543,178.06332560574148,0.0033740937009589856,0.03078082916545777,0.5633816282286032,277,0.53504634,2,0.686758305729436,20,1
82,9195.946443481625,0.014511880438012678,0.0156623806187311,9.155999643298387,60.59112369272907,43.37587974365311,0.0007643641930940501,0.007676888643387299,0.5565309236702598,1110,1.0555017,3,0.5583841347114159,20,2
83,21781.486348151986,0.034372788879239474,0.037835892968735206,10.013850922915612,2277.9206351359794,364.3516820699251,0.02795430400998334,0.06101851660961744,0.7412890247793519,1503,2.6039724,4,0.8323933301594802,20,3
84,11871.489476918343,0.01873408430214167,0.030043365462912114,9.509631193049515,489.6017421724847,107.05824159807146,0.00614313711650721,0.01873654749122398,0.6373447039025999,351,0.3755257,0,,21,0
85,2777.9009612973523,0.00438373220926732,0.004390200794086642,7.929946045926321,517.8187931424073,387.01991039757934,0.006494882969114946,0.0645696737510154,0.8384510688171293,696,1.0110393,0,,21,1
86,5765.582894079791,0.009098514234349915,0.009362710751731148,8.668926862297864,658.0703099005639,227.84294545263333,0.008239531230116708,0.03904992896109599,0.7148535765222993,824,0.76312387,6,0.6534290427366799,21,2
87,11345.877362318117,0.017904629692903903,0.018917946484367603,9.361220387511043,90.05739108120605,49.510329270857916,0.0011356624929806534,0.008753092113256226,0.49394296896691336,766,0.65016997,0,,21,3
88,4484.409004889516,0.007076727524901238,0.0071171119990405315,8.411608439369655,152.76322566572003,300.4074410076668,0.0019248879765731465,0.05085426979621446,0.742398666091888,2049,1.1014931,0,,22,0
89,2441.0104452177443,0.0038520941750426778,0.003863124207018009,7.801430820543176,217.15513205003265,116.90728575198055,0.0027340377539973467,0.020425048087063493,0.81445720110255,1626,1.7043691,0,,22,1
90,12138.34241192548,0.019155197877689004,0.02059386066241218,9.442312473782458,57.54001694304036,61.73104538508765,0.000725902060534857,0.010890103749045399,0.5300293431795674,509,0.49510586,1,0.6103470276102457,22,2
91,8680.088895310659,0.013697819252672718,0.014560885236174497,9.09597152259496,198.30547481451592,165.2206509149754,0.0024973084924374772,0.028624333765764287,0.6712196571533237,873,1.1317165,1,0.5441700723612459,22,3
92,24822.890043706997,0.03917234780064985,0.044085064480087865,10.15848427131255,203.59975389612356,132.5493292952232,0.0025638096863527284,0.02309477863857167,0.574831374671284,583,0.5875708,2,0.8956642827798326,23,0
93,5915.341585304786,0.00933484447343595,0.010319023361801781,8.715193399123077,117.56502224747757,41.64969964171933,0.00148203147902221,0.0073736330234007086,0.5493932046885235,1202,1.6772723,0,,23,1
94,8363.663767719068,0.013198477108020825,0.013547761976000657,9.043906331587305,939.6138670500542,386.75943508134065,0.011723340248355118,0.06452902079060499,0.7960561974631365,1114,1.0233867,1,0.7475232350532394,23,2
95,3675.358121813229,0.005799985673952994,0.005879902285681822,8.215728299116243,29.911131989485582,71.6050544407171,0.00037747856460572317,0.012610033135198373,0.6393404091384959,874,1.2214519,0,,23,3
96,2092.2309770373527,0.0033016944992099416,0.003402326711736449,7.654344745972839,1142.8944378881722,436.87890568104154,0.014223548953668608,0.07228674603166461,0.8885148365562987,1595,2.325192,0,,24,0
97,5648.49530826083,0.008913741404644633,0.009026581071953844,8.644293933741226,261.5230498013497,202.76005559189935,0.0032908027494223517,0.034901018231669176,0.7286981253992397,602,0.69284916,0,,24,1
98,10822.41324568346,0.017078564782578475,0.018335637320809742,9.31231897835814,53.371615073573466,90.3066409612226,0.0006733505631941307,0.015851277184996345,0.5322904560857711,416,0.3405022,1,0.7359146822138916,24,2
99,15981.831221586062,0.02522050615383387,0.029920275721021836,9.741942544159192,133.61204660550953,106.10913490121577,0.0016839805454642988,0.018573526973321618,0.6195914442544562,81,0.2724408,2,0.8565645221796279,24,3
100,15335.229770276688,0.024200121464762702,0.02719809873690988,9.697318395878508,87.32923295634194,47.98945549163651,0.0011012971320950211,0.008486493742448451,0.4567214940290938,294,0.31071234,1,0.530016006726971,25,0
101,7736.554924239461,0.012208853189033432,0.012621432764595602,8.968809313278435,139.0692300517849,115.1427969031974,0.0017526396566590141,0.020122975021427045,0.5573938206127466,629,0.640815,0,,25,1
102,15000.089766664507,0.023671245868073846,0.024922516585553684,9.6338392682178,3458.61435085561,578.6725946456719,0.041837407417479586,0.09355328330099266,0.8124225782302528,1341,2.0379896,8,0.9100102694260069,25,2
103,19112.651267047844,0.030161170657690337,0.03459452976562451,9.904822542748773,109.29220314178238,65.95067937702316,0.0013778875389052598,0.011625844055347178,0.4937153974475397,233,0.33078492,2,0.6285531754175824,25,3
104,14324.913805043292,0.02260576849824722,0.02980981056804338,9.619252917512394,377.69990598569154,86.79700463349432,0.004745744286140173,0.01524463159399369,0.5962969271680576,114,0.2243129,0,,26,0
105,11431.648958482694,0.018039983585639994,0.018542364964240853,9.352334122225576,3213.5978347151195,413.27200498342796,0.03898910369514855,0.06864885214365807,0.6619100174471975,483,0.4938482,0,,26,1
106,3235.5064780472917,0.005105867400861142,0.005168191085777769,8.087364689455356,550.965741018268,278.01144110868233,0.006907765637652592,0.04724208667963781,0.8799893009179846,1236,1.3423939,0,,26,2
107,11152.47625808663,0.017599428513401995,0.026931404296147606,9.430267656811383,414.5144504741258,107.48028693581334,0.005205905581037369,0.018809021471892094,0.599935351921992,442,0.62839735,1,0.693880516232097,26,3
108,19639.528605277184,0.030992621882952993,0.035063217628975955,9.921751722808995,298.75087037183624,91.75920278225243,0.0037574885221029176,0.01610213591228594,0.5418713819551325,432,0.4986161,2,0.5959900871494437,27,0
109,3991.656469618897,0.006299127750769937,0.006436962271416037,8.30031397612876,190.12790252448315,134.30373808514264,0.0023945729579427644,0.02339330779925267,0.7186435650304237,1012,0.73634183,0,,27,1
110,196.82128463135325,0.00031059847594598134,0.00031403664918161104,5.286573385684832,24.424609296401087,32.5625307226396,0.00030825997764640054,0.005774136489285459,0.9148069105914421,531,0.34059048,0,,27,2
111,6061.848167854351,0.0095660426456315,0.009941863768061053,8.722548169265849,82.9442519964705,186.25464990698362,0.0010460565762097074,0.03215129252585836,0.6646726327368263,2201,0.75781536,5,0.7423714208764048,27,3
112,3998.598192648534,0.006310082300718551,0.0064132911672063675,8.29764213120214,4252.124707784834,553.7854203883265,0.050947139970793254,0.08989148105241068,0.8849798973404039,1798,1.6521453,0,,28,0
113,5891.419491910387,0.009297093649059132,0.009624670971651485,8.692122828254682,166.3740760633131,53.9698773670283,0.0020960315713541423,0.009533993351013046,0.5494372797027756,1349,1.2173593,0,,28,1
114,11294.439489217431,0.017823456942604565,0.018922680705209537,9.35739127159842,679.7648564879174,214.41014782889113,0.008508851862831925,0.036832483429063145,0.6448638237395019,626,0.50697243,7,0.7591219112860182,28,2
115,6168.952122075201,0.009735060569740125,0.009938707620833096,8.73523320299363,197.45742468310777,114.16833935888316,0.0024866553500971712,0.019956072123242036,0.6279715215710103,789,0.442052,8,0.6306485934817487,28,3
116,3750.590329611613,0.0059187076360009295,0.005985633217818345,8.23383609607873,2631.465365416349,389.9264762249169,0.03215344996052036,0.06502306835074634,0.8649903507543096,1481,1.9067392,0,,29,0
117,11896.970005046669,0.018774294451251207,0.02153754868357099,9.443353761786803,42.60330267274794,66.8565870348858,0.0005375676870808304,0.011783656476394599,0.4635678176774946,341,0.29782784,0,,29,1
118,18796.22260647047,0.0296618229377268,0.03088447869916236,9.856618207792877,407.98804746363686,102.79184699179889,0.005124360212990426,0.018003317020240803,0.421121715351898,468,0.42428255,3,0.5668913339958151,29,2
119,19988.297547939004,0.0315430049487426,0.03532044362805436,9.97300862206066,373.2205421419183,154.58869007291045,0.004689725681845653,0.02683177936254711,0.5542670779752333,587,0.6945751,0,,29,3
120,9568.337122297029,0.015099540342342602,0.017047929251803737,9.187822598300746,461.2255800769583,185.04076107603007,0.005789156561125459,0.03194844546697847,0.5670198554797258,844,0.48482847,3,0.6021244265054825,30,0
121,11463.273869109595,0.018089890022644717,0.02076271453910782,9.398425099610474,84.80119307405236,54.90906920865043,0.001069450458348533,0.0096982962593866,0.5671845864939862,466,0.41417408,0,,30,1
122,9645.874152011265,0.015221899483040861,0.015837546789882653,9.189662011900218,124.44851380126252,55.10467768543066,0.0015686690529873796,0.009732509290939873,0.6113310205637804,1130,1.7977006,8,0.7988532096057213,30,2
123,3748.1985198409675,0.005914933184112219,0.005938291009399007,8.231600556468443,96.87413198614094,532.1293844717568,0.0012215195277350376,0.0866809379624149,0.9104558714135573,4850,1.9654906,0,,30,3
124,2622.021545767784,0.004137743016657805,0.004140865163078127,7.8723145275028585,239.05549781818934,562.8874866239877,0.0030089392115147484,0.09123415019534792,0.917098331394509,2240,1.2051884,0,,31,0
125,4217.244929971282,0.006655122947669945,0.006866198294418038,8.358633456995232,163.72192047215438,269.10704896451335,0.002062687822754296,0.04579827390918341,0.7495786538527407,1741,1.8870707,0,,31,1
126,8098.710488541848,0.012780361329214321,0.013236881474047002,9.01389756339077,367.54044693150774,172.86136170895756,0.004618681747932467,0.029908488994036017,0.6497004666504645,867,0.95223045,3,0.7240133173591291,31,2
127,5627.492833351906,0.008880597953162626,0.008941365096799036,8.63826401012636,574.9058646976601,451.5878918186831,0.0072057535452705965,0.07453910915930234,0.8072905634941179,1074,0.95435834,0,,31,3
128,4076.251168120785,0.006432624412358187,0.006452743007555817,8.315046853211847,43.01143801644842,44.34114191427113,0.0005427147364210643,0.007846385305462404,0.511262310495998,1813,0.56338215,0,,32,0
129,4571.357747065664,0.0072139390406979875,0.007345932673067333,8.438628029924804,116.01076556558903,30.69608894763416,0.001462467083468609,0.00544497262017734,0.4927146413839228,1208,1.3998598,0,,32,1
130,39587.58486140033,0.0624721231108886,0.07388540660644738,10.630183756692055,1982.7531310682198,312.43078618875927,0.024420509434947526,0.05278220264010072,0.5037493954514021,316,0.29982805,5,0.6536833969012077,32,2
131,3590.368341929599,0.005665865544860844,0.005892526874593646,8.205601294031213,226.88714340145847,171.4760696925663,0.0028562162579084207,0.02967591846328896,0.712524216820011,873,0.7700975,0,,32,3
132,30202.162633597658,0.0476612359371511,0.06185101722625157,10.38469334413502,146.25255783944795,89.91454664384054,0.0018430017169588854,0.015783540218468086,0.4769022834872202,440,0.38138342,2,0.7455550917185325,33,0
133,867.0,0.0013681898233188783,0.0013681898233188783,6.765038976780544,41.42527807380237,147.05823266614246,0.0005227111641579654,0.025558132445147097,0.892016542028653,2094,0.9318089,0,,33,1
134,8197.375241790642,0.012936061572945887,0.013192695412855619,9.023874932249548,222.19953798112545,216.23687632946516,0.0027973704320172848,0.037134635263657095,0.6401576687242497,451,0.46529746,1,0.8720935951028715,33,2
135,6404.162621863153,0.010106240053186055,0.01014385719065023,8.765843958058738,258.1360828263711,70.353736442435,0.003248322230166795,0.012392400178140783,0.5768559891790759,1581,1.4259108,3,0.7440317012488933,33,3
136,15135.013180633498,0.023884164947566133,0.025476420424059943,9.642305879668017,292.8457664829617,148.75837646168944,0.0036834916516749862,0.025845973712884274,0.5412900858998653,854,0.8756355,1,0.6643407202035435,34,0
137,9349.242754784305,0.014753793301999586,0.015338875527865625,9.157883123916054,78.10927459726739,59.774999100123736,0.0009851400295001244,0.010548673536989633,0.5384000408040364,825,0.8133559,4,0.6488962329695998,34,1
138,8858.86041132085,0.013979933865019235,0.01511794522190871,9.110607716149019,77.89529408442276,82.05524574823127,0.000982443887846073,0.014423823066764613,0.5539676505472739,782,0.6761904,4,0.665218783743752,34,2
139,2846.3702528457434,0.004491781791627599,0.004604818805587643,7.972733943804141,137.82354413352638,71.80105754583921,0.001736967992094489,0.01264411389117178,0.6398132878878071,664,0.97552514,0,,34,3
140,5999.059354410199,0.0094669572758823,0.009954488356972876,8.736021866515149,293.2025662875961,82.06121900195282,0.0036879630228734395,0.014424857910415643,0.5098218859969813,1725,0.518376,1,0.5794370308824803,35,0
141,3449.108431281318,0.0054429470071539095,0.005449088189065843,8.146066432430953,103.72993384805405,166.12542797970912,0.0013078536508509043,0.02877657482264057,0.7884855088774941,824,0.39057922,0,,35,1
142,22844.4777858488,0.036050267618953295,0.03658605866646467,10.04674120881694,46.721791577636075,56.441030796772694,0.0005895040693273339,0.00996618179868522,0.3849712728555392,445,0.32781112,0,,35,2
143,47.0,7.416945985696341e-05,7.416945985696341e-05,3.850147601710058,13.568411312279277,16.67509276358084,0.00017126870989675748,0.0029652573368901536,0.9718682802527728,2517,1.6687086,0,,35,3
144,1571.9176132039481,0.0024806017087443395,0.002485465942015263,7.361223080016205,897.2997124586094,246.82190462171536,0.011201310198924744,0.042165570583267496,0.8477754473750263,930,0.715947,0,,36,0
145,40335.726807994775,0.06365274617631939,0.0763377330025691,10.66252857693047,167.62455887454894,113.33796215767012,0.002111752268366109,0.01981380210723241,0.39511105981798655,295,0.40791583,1,0.6311823153250091,36,1
146,7153.505375651114,0.01128875808076441,0.011406316081832586,8.879716416780465,46.948741172772564,22.22234825107415,0.0005923658700861899,0.003947806737670897,0.4422258239236586,1047,0.43286502,0,,36,2
147,20763.400469667722,0.0327661744176399,0.034087968135537584,9.956993347374517,1368.9784559330906,229.13625819814808,0.01698940716977744,0.039262886386325864,0.601802869080586,1137,1.525533,3,0.8161313190373406,36,3
148,20286.864298733784,0.03201416526018297,0.0486977736537454,10.074080964782103,601.9902310036948,138.6927548318318,0.007542662993689078,0.024139341733431897,0.5711484571475455,310,0.27674198,0,,37,0
149,923.0012441448966,0.0014565639090538764,0.0014565619457016432,6.82764296424088,189.01540966945612,282.6493646344802,0.0023805949805052605,0.047992378845066234,0.9061266887858141,941,1.4399565,0,,37,1
150,2472.487045360989,0.003901766567186467,0.0039057321945954134,7.813567434025504,237.5634937265646,115.4888824079202,0.002990215837521839,0.020182238089510772,0.7787551036448584,1023,0.94318104,0,,37,2
151,7331.331827706623,0.011569381312620522,0.012384721722498911,8.924974846230311,136.0078996852262,59.43559966409795,0.0017141249397860775,0.010489406960953922,0.49949016770639754,829,0.4498294,1,0.5588583345831221,37,3
152,1377.48775951484,0.002173777086867966,0.00222666186932288,7.2358294044414055,103.88577093550067,125.27150256176425,0.0013098159113081101,0.021854436578892737,0.8104282420602711,1945,0.85662913,0,,38,0
153,689.0008449783472,0.0010872940534688382,0.001087292720030804,6.535253594576863,96.08707265954394,59.395489661734615,0.0012116072480796987,0.010482402406819103,0.8149244582456684,1538,1.4249511,0,,38,1
154,12129.223674218352,0.019140807838320603,0.019596518138378118,9.411802612719061,62.80436877885794,83.12328436274336,0.0007922624214314622,0.014608822185811474,0.4964434005999372,605,0.3889153,7,0.7167270244646675,38,2
155,5091.704190899508,0.008035084033839434,0.008193358203773489,8.541182397857742,124.17021080470147,84.92981260293865,0.0015651665443004849,0.014921579927401875,0.5865334892536183,658,0.87035894,1,0.4896121761791763,38,3
156,35364.31955125863,0.0558074995601256,0.05720043428585857,10.493569768108937,176.13960477436987,105.99804127233242,0.0022187877177756127,0.0185544417619506,0.4229498791375654,587,0.49002528,2,0.7759393863849429,39,0
157,4299.6274419004085,0.0067851286159985235,0.006952992343186825,8.373706960435843,91.78448268231274,65.91312922637576,0.00115741665419604,0.01161930159409986,0.5872176688735297,1004,0.73098063,0,,39,1
158,4031.814121912777,0.00636249948225421,0.006373839326856919,8.302938122480292,280.9511561500861,261.74683544074446,0.0035344068861686154,0.044601536164601614,0.7763138111359835,1309,0.8147352,0,,39,2
159,1396.2281617071358,0.0022033508210829622,0.002204568838727189,7.2417715701520935,23.165663853019137,38.55378524317356,0.0002923756282320962,0.00682927767011079,0.7120674711555666,947,1.1946204,0,,39,3
160,618.9987145066261,0.0009768255384491737,0.0009768275670523478,6.428105272496055,303.67702499786566,167.86988869548512,0.0038192097682578398,0.029069969421788164,0.9284766618873709,1438,1.8959727,0,,40,0
161,2620.393517506433,0.004135173868215756,0.0041598020464458626,7.871700058081485,138.60318491195878,119.60916535619792,0.0017467765163336473,0.020887237735527586,0.7880229711370893,888,1.1130077,0,,40,1
162,11553.637161831868,0.0182324899505619,0.018756982975741854,9.359172734680023,61.83293498150575,56.82166105244606,0.0007800175699633759,0.010032718002159605,0.44767489857808035,571,0.39414686,6,0.6323588658766844,40,2
163,25465.500259583605,0.04018643402639739,0.04720175986769431,10.2107899915294,214.6939796674617,118.63092773675055,0.00270313498698264,0.020719948568804446,0.5214165816916662,151,0.25396955,3,0.6755916415787757,40,3
164,35597.45281513405,0.05617540101238796,0.06050176428630043,10.525160658708723,407.92173920090124,109.95296508765507,0.00512353164334521,0.019233416841268614,0.3894309423832884,430,0.4619236,3,0.5542153682071205,41,0
165,4476.63955705495,0.007064466764278332,0.0071281585143383765,8.41223953873029,63.43507228392812,57.29231235751985,0.0008002122319883152,0.010114978001258268,0.5219787698620411,848,0.5864059,0,,41,1
166,10774.865711314347,0.017003531273180873,0.01721362698127142,9.292002888138793,2012.4610125451118,303.51918063252293,0.02477733958432406,0.0513539868525245,0.723051931499317,931,0.95657873,0,,41,2
167,28078.00504833434,0.044309158899915956,0.05834769380322053,10.3534613808588,97.13679650784209,59.492000944026664,0.0012248274991224538,0.010499256351786716,0.42873156164103154,245,0.31382787,2,0.7332154416024342,41,3
168,2840.9637267754324,0.004483249895492757,0.004846264068526268,8.185694330675137,29.44308765953394,16.1813630545483,0.00037157403871120254,0.0028777122425655967,0.5843769112052377,85,0.20414722,0,,42,0
169,5589.923748881898,0.008821311172259198,0.00899186345244633,8.638593090494979,1812.1309744909377,208.70461504664306,0.022366049022360487,0.03588753181703489,0.703517512705037,706,0.5566716,0,,42,1
170,1074.662830875533,0.0016958970573275212,0.0017090537239381142,6.985952544514449,158.7252121094979,80.23751400405567,0.001999861552504196,0.014108806920256406,0.8505882025661229,1161,0.6821874,0,,42,2
171,11911.528349307917,0.018797268590193088,0.045614217812032495,9.730959841696725,759.7338232242985,133.07394196089803,0.009500341249315758,0.023184065545084395,0.5737158070380336,397,0.45648718,1,0.6844221947339029,42,3
172,34196.65684319551,0.05396484185050516,0.054981662784605576,10.443428276139178,338.77155389709316,112.20603484274089,0.004258698267313641,0.019619800426271518,0.4497041911062995,342,0.30721712,2,0.7428379711755393,43,0
173,1672.5693658448713,0.0026394375837876156,0.0026401171561851017,7.4234698256178575,39.36501577531568,62.230553635255816,0.0004967273393555487,0.010977255743520533,0.7196261587892754,995,0.7558665,0,,43,1
174,114.1171596050918,0.00018008527847490516,0.00018147846560746366,4.739449131355919,49.37725892974855,16.833028351793303,0.0006229880930807288,0.002993258252185257,0.9329635060090312,422,0.3737154,0,,43,2
175,3426.4178564654926,0.005407139609751063,0.005646347390813086,8.169599656932066,56.408250954953516,67.25663940132716,0.0007116343098050941,0.011853331018854253,0.6043916899689095,2637,0.8280804,0,,43,3
176,1094.2302939090569,0.0017267759544332142,0.0017279906073058497,6.998122648253616,1201.7499580816814,412.8463630473132,0.014945070830785584,0.06858299758187587,0.9111157404132288,1594,1.3360829,0,,44,0
177,2887.6369559368827,0.004556903686911588,0.004672675970988695,7.984295941661076,62.233277091874115,44.28355496816897,0.0007850638891334119,0.007836274863275164,0.5578868295377704,1549,0.6031251,0,,44,1
178,8905.485001066781,0.014053510899859838,0.014295768869026202,9.101771530964985,214.1943568776902,83.13431816706294,0.0026968613802187675,0.014610733031485619,0.5485132611537671,520,0.5092337,2,0.7049137100813847,44,2
179,4255.734630023924,0.006715862527732946,0.006717859374704111,8.357117964313648,253.6708845890296,90.26869026143632,0.003192312624882987,0.015844721350420844,0.6361691836272109,924,0.46242344,0,,44,3
180,1229.8880507852286,0.0019408538810909359,0.0019410305451928722,7.114812065726765,438.4457399867839,117.12855268789906,0.005504805227730035,0.020462914914007556,0.8549472320521426,1179,1.6634352,0,,45,0
181,19399.012794337697,0.030613070227964882,0.030808731165691418,9.875595354723993,48.79275563797824,53.21524900345547,0.000615618011615054,0.009401938605736175,0.37868004835278407,328,0.28147888,2,0.6089404619356038,45,1
182,13504.04691472279,0.02131038011804431,0.021851585332752603,9.518907910619532,316.1198618612406,97.98664960864016,0.003975075696295291,0.01717617369843319,0.503776553097294,405,0.46334636,2,0.8931125999669385,45,2
183,36535.22607106823,0.05765527624347187,0.06368316069207997,10.533034232547077,258.0908836912777,125.27853160610779,0.0032477553023902883,0.021855636041097987,0.4404951272594878,558,0.3485701,3,0.611055064410029,45,3
184,4538.509809973092,0.007162102577898594,0.007595268304075848,8.46199948879061,158.25565032335805,60.24462753014829,0.0019939570959425293,0.010630669240671598,0.5476426400489125,1198,0.523875,0,,46,0
185,12729.522940936093,0.020088124271618178,0.020912631532435725,9.471201591155348,24.16000252426656,35.80007114236966,0.00030492142655880313,0.00634458952541463,0.45623974444073073,326,0.2818172,6,0.6361694418991776,46,1
186,5927.841685054307,0.00935457055102276,0.009856647792906244,8.719429265864553,210.8404812171724,76.39897229062005,0.0026547457714596106,0.013442918736595848,0.573462945722573,962,1.192615,1,0.4971777218557834,46,2
187,941.6517590505243,0.00148599579451355,0.0014944357124371138,6.852896129274203,62.52936999347106,74.50857722109956,0.0007887961124488904,0.013114653167341199,0.8949868496855152,3390,1.1150684,0,,46,3
188,282.0,0.0004450167591417804,0.0004450167591417804,5.641907070938112,85.15343773030665,98.11700610817606,0.0010738879391555664,0.017198631019992854,0.9488234870944953,2562,1.2417824,0,,47,0
189,2553.6421012041124,0.004029835219453407,0.004030400010099671,7.84541571513024,83.99329992264485,260.2387754333392,0.0010592726948481365,0.04435596172876877,0.8281662442160644,1747,0.6392579,0,,47,1
190,5551.579079105192,0.008760800460647882,0.008800916545154998,8.624501725796538,373.86801579826914,136.55596178239514,0.004697823331025247,0.02377627749974246,0.6463072686524799,713,0.3508345,4,0.6628591559428267,47,2
191,2092.6239384529676,0.003302314621251235,0.0033360476199493752,7.6470347228340945,198.80256351418384,179.10745280118704,0.002503552777737189,0.03095573442039596,0.8554763544610697,999,0.8075073,0,,47,3
192,917.5535427587726,0.001447967035239603,0.0015496682889263418,6.834779190631448,6.895312819294392,21.061654912349958,8.704414878490622e-05,0.003742380892483757,0.6920868711098122,727,0.4935357,0,,48,0
193,1247.1525596805084,0.0019680985470368643,0.0019804823855423207,7.132451964693198,25.986781632536626,38.01021377365504,0.0003279694955410754,0.006733639748832749,0.7032113891785812,1019,1.2055807,0,,48,1
194,37287.490942202065,0.0588424055873307,0.06069744541443369,10.538247807794606,1842.3364839206138,206.88838957721842,0.022730383482230405,0.03558633897041353,0.4358852130822159,393,0.376014,1,0.5746380479099917,48,2
195,938.2849927375296,0.001480682789430583,0.001488123417981202,6.8462410019519275,99.66168811449522,127.08264494882785,0.0012566246202991751,0.022163399392684555,0.8531581978570452,1491,0.8458922,0,,48,3
196,59980.8675803821,0.09465422447210613,0.09526988214946251,11.004897446681262,840.0408306934307,183.96677272923262,0.010494028244630024,0.03176890559129115,0.40478557875600013,515,0.47616577,0,,49,0
197,41.0,6.470101817309574e-05,6.470101817309574e-05,3.713572066704308,11.384210218899996,14.099091726928306,0.0001437023620120964,0.0025083275790410767,0.9767830108838134,2592,0.83824146,0,,49,1
198,3031.231081799955,0.004783505788058331,0.004863622878280026,8.025393645993736,96.58553231529467,103.29064425233031,0.0012178849063424224,0.01808909780223577,0.6540263418894481,458,0.57207584,0,,49,2
199,2165.9728380221773,0.003418064584275723,0.00349385498134717,7.690239297847068,102.99670319840355,75.41237566387605,0.0012986208959156625,0.013271624283184477,0.7993743736654211,609,0.63123703,0,,49,3
200,8372.437184408387,0.013212322205402673,0.013265286799098604,9.034840309304062,86.9463093641044,137.03046014200845,0.001096473429390184,0.023856923231936313,0.5773089608300729,637,0.7442565,2,0.5358174271329028,50,0
201,3325.5340087219024,0.005247937471550335,0.005289702754054071,8.111914864895018,38.71129729846392,39.43133662998873,0.0004884824240832624,0.006983638359059633,0.5840800506978014,518,0.52237856,0,,50,1
202,4262.50236464509,0.0067265425111650125,0.0067841384664911845,8.361894870758793,208.17643890056482,95.11134528519378,0.0026212900691193453,0.0166805661015464,0.6275501118414997,635,0.4995638,0,,50,2
203,640.9531938972573,0.0010114713230841511,0.0010115451865598626,6.463037534805819,70.65249939937384,54.3004131950454,0.000891176524880861,0.009591823747737677,0.8177149665942398,571,0.718673,0,,50,3
204,1836.8034005617492,0.0028986109804914582,0.0029036554497194186,7.517175727635424,38.12566093425886,42.180195454164135,0.00048109606758933704,0.007466850346331993,0.6444936339396704,917,0.44855076,0,,51,0
205,1487.9994052262596,0.0023481725990024357,0.002348173537599182,7.305188220470013,70.36249151213627,136.31347780819314,0.0008875217519441136,0.023735059783038255,0.8607983636264281,825,0.47026896,0,,51,1
206,8811.041191785018,0.013904471616428722,0.014063792047771445,9.0878893294327,77.6331723081847,73.67324935968534,0.0009791411493226061,0.01296952955964247,0.4562119973003655,408,0.36405146,3,0.6331494053358772,51,2
207,0.0,0.0,0.0,0.0,0.0,0.0,0.0,0.0,0.0,2694,1.3549894,0,,51,3
208,263.1128639132949,0.0004152114680397405,0.0004371263910718907,5.609721085804189,123.67947690779076,76.71351793805526,0.0015589904828861884,0.013497518142718391,0.9184747103396239,1265,0.751415,0,,52,0
209,29740.185378985585,0.04693220182138982,0.0474668762348426,10.304149434131162,314.4619504554062,106.4423636121681,0.003954310588048222,0.018630769191868974,0.3916091426710827,437,0.38016397,2,0.488159562659499,52,1
210,2708.5045380943334,0.004274219544906189,0.004533805492958636,7.9179897599539935,33.92689641983201,29.477702174721344,0.0004281358248319636,0.005229981501889478,0.5247703442894859,1346,0.43895984,0,,52,2
211,6884.785891203406,0.010864698952795725,0.011646183271157233,8.865345485320628,463.32774826259066,63.342968594504214,0.0058153888631912185,0.011171289818932105,0.5391999974205465,595,0.70042205,3,0.6134575397162877,52,3
212,70738.15235312411,0.11163001173001703,0.11342877522550672,11.171721856600778,810.5643978475099,257.5869704799791,0.010129530263919615,0.043923832081042016,0.44954736623455704,253,0.20617694,1,0.7732928740944242,53,0
213,91.00001153275093,0.00014360471707152293,0.00014360469887199297,4.51086120774943,32.41723905472086,56.51284426029392,0.00040909270397273845,0.009978735860536776,0.9628977345268599,1010,1.3019719,0,,53,1
214,705.3367758760038,0.001113073354978197,0.0011141199714684291,6.559911545515662,116.09186426020389,49.65314666213491,0.0014634879421366335,0.008778119624216424,0.8380088568365882,1290,0.90535945,0,,53,2
215,3191.6221535365444,0.005036614706283486,0.005078240889781026,8.072841827625751,213.17295988226326,219.54657396381796,0.0026840357726868784,0.03768159645706184,0.773006201278167,1210,0.4362321,0,,53,3
216,143.96935725212353,0.0002271942439009404,0.00022724260041282406,4.9698129142767,20.3591220281191,24.562367283397926,0.00025696314967764964,0.004361698630429682,0.8954275021101739,1966,0.65697193,0,,54,0
217,126.00000000001901,0.00019883727536125105,0.00019883727536122104,4.8362819069554455,34.150111696833164,26.84725921973143,0.0004309514455433079,0.004765508117245644,0.9468243277420221,1791,1.0844721,0,,54,1
218,7667.12580374257,0.012099288925935592,0.012588293218702066,8.952410813493628,57.99899898227698,78.90069799658397,0.0007316881594061844,0.013877005790299131,0.5366153411814509,514,0.30923462,4,0.616630463232815,54,2
219,2947.878730745134,0.0046519696421956904,0.00475315772530157,7.99373561742614,83.11933480919978,92.8665286461667,0.0010482623293225197,0.016293286191048043,0.6860500666766522,525,0.39659524,0,,54,3
220,17946.774986980254,0.02832133206295291,0.02920856452111778,9.803331943255415,183.78863378430313,82.42835029521233,0.0023149176247978013,0.014488457849407523,0.3968280601531951,760,0.29841262,2,0.5188932960380299,55,0
221,1980.1853732399902,0.0031248782882950968,0.0031356322709741764,7.592210934916338,80.45210240222099,101.08512287013441,0.0010146585677166088,0.01770968930479149,0.787570889583437,837,0.5811301,0,,55,1
222,578.9437026828928,0.0009136157811825654,0.000915282696107208,6.361811183469223,140.6858678228379,60.19202028449602,0.0017729774405237698,0.010621484850576584,0.8637145104098517,1562,0.6724235,0,,55,2
223,245.99999380111694,0.00038820609925628065,0.00038820610903857444,5.505331535932337,15.141124716604024,18.33266426959001,0.00019111665753525846,0.0032590552468428676,0.8789148629909478,1111,1.1260774,0,,55,3
224,37.0,5.838872371718396e-05,5.838872371718396e-05,3.6109179126442257,17.812165365514034,21.594424013039422,0.0002248239020317093,0.003836683796747196,0.9631754438526783,1182,1.4082536,0,,56,0
225,610.4894079914616,0.0009633972263643418,0.0009689371989824581,6.416745381434124,39.53639227659677,40.61763070358834,0.0004988887743945703,0.007192230418000288,0.7823113195748361,881,1.0241675,0,,56,1
226,6025.204011254138,0.009508215468994228,0.009526830407584853,8.70471018931784,55.59899670370163,69.82811769678023,0.0007014320941556578,0.012300954382811783,0.5313783828552808,900,0.31803966,0,,56,2
227,33542.681690687576,0.052932820918135184,0.05370815737812538,10.423307169444607,283.1582593767129,100.68717656480165,0.003562073666124012,0.017641200700601503,0.4300627197889713,290,0.36386395,2,0.5943501495950838,56,3
228,19250.335610336886,0.030378446686892657,0.030761388957272078,9.869243507116327,132.8343921909765,61.205502600554595,0.0016741957806389286,0.010798392781177767,0.3864767512851017,388,0.3700173,0,,57,0
229,915.2301988377621,0.0014443006275016604,0.0014486715776317533,6.821742764479481,22.324255588274237,41.53587062830169,0.0002817591418336227,0.007353629008166745,0.7416134349186891,1418,0.57073903,0,,57,1
230,1654.677649655515,0.0026112031385604104,0.0026685224812367046,7.416369388326634,129.59886818741677,42.014121556787615,0.0016334830395302363,0.00743767016236407,0.7525852770897216,580,0.34702837,0,,57,2
231,33858.20355911635,0.053430737653335655,0.053840715561699524,10.432160909683624,80.70900143090684,60.94689649042521,0.0010178952695957583,0.010753257925057536,0.3754250816380111,247,0.31961703,5,0.7068542250223617,57,3
232,100097.38768681191,0.1579610463366787,0.15935545161310685,11.51789356628672,639.4349584848652,279.7841544164056,0.008008071238849036,0.047529003935066726,0.41605925716420267,120,0.19567156,4,0.6888799828513332,58,0
233,1163.347532921966,0.001835848045590493,0.0018416119075122617,7.060602744738821,312.94974421472034,72.06170247603733,0.003935369661555167,0.01268943083633483,0.7742559190975307,777,0.57962686,0,,58,1
234,127.00000387395895,0.00020041535508859138,0.00020041534897519898,4.844187508830792,15.995992810829332,10.57736431235854,0.00020190492780754364,0.0018829672576519262,0.8859852558534214,1302,0.5084389,0,,58,2
235,69216.46624900274,0.1092286790403462,0.11072711319837648,11.147980140251459,706.5321860433891,204.84531992886158,0.00884094557543581,0.035247302540912614,0.4023722180231846,444,0.38747692,2,0.5801582031066642,58,3
236,13910.047791424066,0.021951079388818504,0.022471768263045935,9.5493728129949,221.327291293346,103.06722782431653,0.0027864199221313748,0.018050677559935852,0.49320848996385547,321,0.24705005,4,0.6706503938548858,59,0
237,358.9531715766796,0.0005664545287188561,0.0005665284274180822,5.883330713976028,32.55431414644414,55.15869907767485,0.000410821826629005,0.009741957522127202,0.8575280130651791,1079,0.53499436,0,,59,1
238,44.0,6.943523901502957e-05,6.943523901502957e-05,3.784189633918262,4.415523691636915,10.547326385718824,5.5741855836532645e-05,0.0018776299892059112,0.9480756274130465,435,0.28271145,0,,59,2
239,727.6934590792342,0.0011483538468372789,0.0011488375909759437,6.590392610432719,4.395515030421432,36.12892211362767,5.548927922307908e-05,0.006402496284727352,0.7801833840783737,1955,0.80198884,0,,59,3
240,130.99958659401472,0.00020672699104603353,0.00020672764343111077,4.875197438322311,132.46952312887163,84.57416601061173,0.0016696047832648452,0.014860023807304418,0.9638280397958766,1305,1.1121644,0,,60,0
241,1551.0921455489229,0.002447737587739193,0.0024712632794894615,7.349633580953814,35.2774269802458,66.30696016599927,0.0004451710733762393,0.011687915482462626,0.7450130666512079,1881,0.48680997,0,,60,1
242,2967.5996236688393,0.004683090662962674,0.004743689283617702,8.002121161048834,165.19620158847266,106.37578318353478,0.002081223231668516,0.018619332501562395,0.6758192397443972,552,0.81069374,0,,60,2
243,1668.8992083813082,0.0026336458051352224,0.002636961008957146,7.420191877962333,97.02319275929194,99.78174519527334,0.0012233967872739705,0.017485335717710666,0.8150493438568689,1136,0.5418705,0,,60,3
244,288.00000000338304,0.0004544852008309868,0.0004544852008256481,5.662960480395724,95.51167862127214,32.484626767540966,0.001204360571225932,0.005760401780420538,0.9038055084237209,1009,1.3433717,0,,61,0
245,9140.553578403957,0.014424466419230968,0.014638210843259416,9.12407823675013,18.94206184484731,76.57037410327467,0.00023908196649010375,0.01347267172463004,0.5134570490005843,275,0.25152087,6,0.6073005795371509,61,1
246,4620.315998029091,0.007291198764729883,0.007382228366188826,8.44410893275219,130.8197168618756,90.24127369192928,0.0016488454222821937,0.01583998519120312,0.7028167904119244,534,0.4057306,6,0.8845117582310297,61,2
247,32509.65266285928,0.05130262506684606,0.05169926966753145,10.392165490788138,314.50413291328124,119.60923330239282,0.003954838928161825,0.020887249353073484,0.4098372137061214,355,0.27558964,1,0.5442403455544428,61,3
248,1832.8942111364424,0.00289244199180734,0.002900499302491463,7.515884251439525,89.7724988278318,38.12190375063527,0.0011320739460554579,0.0067532923889464256,0.7060644237247026,1562,0.49141026,0,,62,0
249,9959.856694815353,0.015717387049089693,0.016350420714425485,9.213916746859233,21.04749093475586,25.020527733664096,0.0002656491064043491,0.0044426956976036545,0.39853246620388855,287,0.20611861,0,,62,1
250,3528.177165094409,0.005567723289674994,0.0055769121517980575,8.16998142479964,282.26745314506246,93.9070234758328,0.003550907295838553,0.01647283220230009,0.6268609470236384,790,0.55332446,0,,62,2
251,101.0,0.00015938543501177243,0.00015938543501177243,4.6151205168412615,2.298555161009935,14.16248417035679,2.9017884080043826e-05,0.0025195771248807436,0.9246303428054755,1193,0.44982237,0,,62,3
252,3.0,4.734220841933834e-06,4.734220841933834e-06,1.0986122886681096,5.078793396409164,3.9697409327699305,6.411447852251113e-05,0.0007075198409639117,0.9912280701754386,3168,1.1860746,0,,63,0
253,695.9999973019609,0.0010983392310709452,0.0010983392353286496,6.545349681227688,42.00853000615914,106.06810917441427,0.0005300668346093146,0.01856647908882724,0.9016840235384944,1863,0.50362444,0,,63,1
254,2388.891742725769,0.003769847025845325,0.00383156273473845,7.782353698092029,250.57748858444532,99.01682734951615,0.003153506650037884,0.017353620810243695,0.8174407042116805,760,0.48459923,0,,63,2
255,451.9471655264069,0.0007132058968293453,0.0007132892735180311,6.113759010119406,41.63549976612903,82.14547272663349,0.0005253623834392862,0.014439454318554378,0.9077148489647514,989,0.6354023,0,,63,3
