rqvi_candidate,rqvi_seed,rqvi_gp,informative
seed0:GP0,0,GP0,True
seed0:GP1,0,GP1,True
seed0:GP2,0,GP2,True
seed0:GP3,0,GP3,True
seed0:GP4,0,GP4,True
seed0:GP5,0,GP5,True
seed0:GP6,0,GP6,True
seed0:GP7,0,GP7,True
seed0:GP8,0,GP8,True
seed0:GP9,0,GP9,True
seed0:GP10,0,GP10,True
seed0:GP11,0,GP11,True
seed0:GP12,0,GP12,True
seed0:GP13,0,GP13,True
seed0:GP14,0,GP14,True
seed0:GP15,0,GP15,True
seed0:GP16,0,GP16,True
seed0:GP17,0,GP17,True
seed0:GP18,0,GP18,True
seed0:GP19,0,GP19,True
seed0:GP20,0,GP20,True
seed0:GP21,0,GP21,True
seed0:GP22,0,GP22,True
seed0:GP23,0,GP23,True
seed0:GP24,0,GP24,True
seed0:GP25,0,GP25,True
seed0:GP26,0,GP26,True
seed0:GP27,0,GP27,True
seed0:GP28,0,GP28,True
seed0:GP29,0,GP29,True
seed0:GP30,0,GP30,True
seed0:GP31,0,GP31,True
seed0:GP32,0,GP32,True
seed0:GP33,0,GP33,True
seed0:GP34,0,GP34,True
seed0:GP35,0,GP35,True
seed0:GP36,0,GP36,True
seed0:GP37,0,GP37,True
seed0:GP38,0,GP38,True
seed0:GP39,0,GP39,True
seed0:GP40,0,GP40,True
seed0:GP41,0,GP41,True
seed0:GP42,0,GP42,True
seed0:GP43,0,GP43,True
seed0:GP44,0,GP44,True
seed0:GP45,0,GP45,True
seed0:GP46,0,GP46,True
seed0:GP47,0,GP47,True
seed0:GP48,0,GP48,True
seed0:GP49,0,GP49,True
seed0:GP50,0,GP50,True
seed0:GP51,0,GP51,True
seed0:GP52,0,GP52,True
seed0:GP53,0,GP53,True
seed0:GP54,0,GP54,True
seed0:GP55,0,GP55,True
seed0:GP56,0,GP56,True
seed0:GP57,0,GP57,True
seed0:GP58,0,GP58,True
seed0:GP59,0,GP59,True
seed0:GP60,0,GP60,True
seed0:GP61,0,GP61,True
seed0:GP62,0,GP62,True
seed0:GP63,0,GP63,True
seed0:GP64,0,GP64,True
seed0:GP65,0,GP65,True
seed0:GP66,0,GP66,True
seed0:GP67,0,GP67,True
seed0:GP68,0,GP68,True
seed0:GP69,0,GP69,True
seed0:GP70,0,GP70,True
seed0:GP71,0,GP71,True
seed0:GP72,0,GP72,True
seed0:GP73,0,GP73,True
seed0:GP74,0,GP74,True
seed0:GP75,0,GP75,True
seed0:GP76,0,GP76,True
seed0:GP77,0,GP77,True
seed0:GP78,0,GP78,True
seed0:GP79,0,GP79,True
seed0:GP80,0,GP80,True
seed0:GP81,0,GP81,True
seed0:GP82,0,GP82,True
seed0:GP83,0,GP83,True
seed0:GP84,0,GP84,True
seed0:GP85,0,GP85,True
seed0:GP86,0,GP86,True
seed0:GP87,0,GP87,True
seed0:GP88,0,GP88,True
seed0:GP89,0,GP89,True
seed0:GP90,0,GP90,True
seed0:GP91,0,GP91,True
seed0:GP92,0,GP92,True
seed0:GP93,0,GP93,True
seed0:GP94,0,GP94,True
seed0:GP95,0,GP95,True
seed0:GP96,0,GP96,True
seed0:GP97,0,GP97,True
seed0:GP98,0,GP98,True
seed0:GP99,0,GP99,True
seed0:GP100,0,GP100,True
seed0:GP101,0,GP101,True
seed0:GP102,0,GP102,True
seed0:GP103,0,GP103,True
seed0:GP104,0,GP104,True
seed0:GP105,0,GP105,True
seed0:GP106,0,GP106,True
seed0:GP107,0,GP107,True
seed0:GP108,0,GP108,True
seed0:GP109,0,GP109,True
seed0:GP110,0,GP110,True
seed0:GP111,0,GP111,True
seed0:GP112,0,GP112,True
seed0:GP113,0,GP113,True
seed0:GP114,0,GP114,True
seed0:GP115,0,GP115,True
seed0:GP116,0,GP116,True
seed0:GP117,0,GP117,True
seed0:GP118,0,GP118,True
seed0:GP119,0,GP119,True
seed0:GP120,0,GP120,True
seed0:GP121,0,GP121,True
seed0:GP122,0,GP122,True
seed0:GP123,0,GP123,True
seed0:GP124,0,GP124,True
seed0:GP125,0,GP125,True
seed0:GP126,0,GP126,True
seed0:GP127,0,GP127,True
seed0:GP128,0,GP128,True
seed0:GP129,0,GP129,True
seed0:GP130,0,GP130,True
seed0:GP131,0,GP131,True
seed0:GP132,0,GP132,True
seed0:GP133,0,GP133,True
seed0:GP134,0,GP134,True
seed0:GP135,0,GP135,True
seed0:GP136,0,GP136,True
seed0:GP137,0,GP137,True
seed0:GP138,0,GP138,True
seed0:GP139,0,GP139,True
seed0:GP140,0,GP140,True
seed0:GP141,0,GP141,True
seed0:GP142,0,GP142,True
seed0:GP143,0,GP143,True
seed0:GP144,0,GP144,True
seed0:GP145,0,GP145,True
seed0:GP146,0,GP146,True
seed0:GP147,0,GP147,True
seed0:GP148,0,GP148,True
seed0:GP149,0,GP149,True
seed0:GP150,0,GP150,True
seed0:GP151,0,GP151,True
seed0:GP152,0,GP152,True
seed0:GP153,0,GP153,True
seed0:GP154,0,GP154,True
seed0:GP155,0,GP155,True
seed0:GP156,0,GP156,True
seed0:GP157,0,GP157,True
seed0:GP158,0,GP158,True
seed0:GP159,0,GP159,True
seed0:GP160,0,GP160,True
seed0:GP161,0,GP161,True
seed0:GP162,0,GP162,True
seed0:GP163,0,GP163,True
seed0:GP164,0,GP164,True
seed0:GP165,0,GP165,True
seed0:GP166,0,GP166,True
seed0:GP167,0,GP167,True
seed0:GP168,0,GP168,True
seed0:GP169,0,GP169,True
seed0:GP170,0,GP170,True
seed0:GP171,0,GP171,True
seed0:GP172,0,GP172,True
seed0:GP173,0,GP173,True
seed0:GP174,0,GP174,True
seed0:GP175,0,GP175,True
seed0:GP176,0,GP176,True
seed0:GP177,0,GP177,True
seed0:GP178,0,GP178,True
seed0:GP179,0,GP179,True
seed0:GP180,0,GP180,True
seed0:GP181,0,GP181,True
seed0:GP182,0,GP182,True
seed0:GP183,0,GP183,True
seed0:GP184,0,GP184,True
seed0:GP185,0,GP185,True
seed0:GP186,0,GP186,True
seed0:GP187,0,GP187,True
seed0:GP188,0,GP188,True
seed0:GP189,0,GP189,True
seed0:GP190,0,GP190,True
seed0:GP191,0,GP191,True
seed0:GP192,0,GP192,True
seed0:GP193,0,GP193,True
seed0:GP194,0,GP194,True
seed0:GP195,0,GP195,True
seed0:GP196,0,GP196,True
seed0:GP197,0,GP197,True
seed0:GP198,0,GP198,True
seed0:GP199,0,GP199,True
seed0:GP200,0,GP200,True
seed0:GP201,0,GP201,True
seed0:GP202,0,GP202,True
seed0:GP203,0,GP203,True
seed0:GP204,0,GP204,True
seed0:GP205,0,GP205,True
seed0:GP206,0,GP206,True
seed0:GP207,0,GP207,False
seed0:GP208,0,GP208,True
seed0:GP209,0,GP209,True
seed0:GP210,0,GP210,True
seed0:GP211,0,GP211,True
seed0:GP212,0,GP212,True
seed0:GP213,0,GP213,True
seed0:GP214,0,GP214,True
seed0:GP215,0,GP215,True
seed0:GP216,0,GP216,True
seed0:GP217,0,GP217,True
seed0:GP218,0,GP218,True
seed0:GP219,0,GP219,True
seed0:GP220,0,GP220,True
seed0:GP221,0,GP221,True
seed0:GP222,0,GP222,True
seed0:GP223,0,GP223,True
seed0:GP224,0,GP224,True
seed0:GP225,0,GP225,True
seed0:GP226,0,GP226,True
seed0:GP227,0,GP227,True
seed0:GP228,0,GP228,True
seed0:GP229,0,GP229,True
seed0:GP230,0,GP230,True
seed0:GP231,0,GP231,True
seed0:GP232,0,GP232,True
seed0:GP233,0,GP233,True
seed0:GP234,0,GP234,True
seed0:GP235,0,GP235,True
seed0:GP236,0,GP236,True
seed0:GP237,0,GP237,True
seed0:GP238,0,GP238,True
seed0:GP239,0,GP239,True
seed0:GP240,0,GP240,True
seed0:GP241,0,GP241,True
seed0:GP242,0,GP242,True
seed0:GP243,0,GP243,True
seed0:GP244,0,GP244,True
seed0:GP245,0,GP245,True
seed0:GP246,0,GP246,True
seed0:GP247,0,GP247,True
seed0:GP248,0,GP248,True
seed0:GP249,0,GP249,True
seed0:GP250,0,GP250,True
seed0:GP251,0,GP251,True
seed0:GP252,0,GP252,True
seed0:GP253,0,GP253,True
seed0:GP254,0,GP254,True
seed0:GP255,0,GP255,True
seed1:GP0,1,GP0,True
seed1:GP1,1,GP1,True
seed1:GP2,1,GP2,True
seed1:GP3,1,GP3,True
seed1:GP4,1,GP4,True
seed1:GP5,1,GP5,True
seed1:GP6,1,GP6,True
seed1:GP7,1,GP7,True
seed1:GP8,1,GP8,True
seed1:GP9,1,GP9,True
seed1:GP10,1,GP10,True
seed1:GP11,1,GP11,True
seed1:GP12,1,GP12,True
seed1:GP13,1,GP13,True
seed1:GP14,1,GP14,True
seed1:GP15,1,GP15,True
seed1:GP16,1,GP16,True
seed1:GP17,1,GP17,True
seed1:GP18,1,GP18,True
seed1:GP19,1,GP19,True
seed1:GP20,1,GP20,True
seed1:GP21,1,GP21,True
seed1:GP22,1,GP22,True
seed1:GP23,1,GP23,True
seed1:GP24,1,GP24,True
seed1:GP25,1,GP25,True
seed1:GP26,1,GP26,True
seed1:GP27,1,GP27,True
seed1:GP28,1,GP28,True
seed1:GP29,1,GP29,True
seed1:GP30,1,GP30,True
seed1:GP31,1,GP31,True
seed1:GP32,1,GP32,True
seed1:GP33,1,GP33,True
seed1:GP34,1,GP34,True
seed1:GP35,1,GP35,True
seed1:GP36,1,GP36,True
seed1:GP37,1,GP37,True
seed1:GP38,1,GP38,True
seed1:GP39,1,GP39,True
seed1:GP40,1,GP40,True
seed1:GP41,1,GP41,True
seed1:GP42,1,GP42,True
seed1:GP43,1,GP43,True
seed1:GP44,1,GP44,True
seed1:GP45,1,GP45,True
seed1:GP46,1,GP46,True
seed1:GP47,1,GP47,True
seed1:GP48,1,GP48,True
seed1:GP49,1,GP49,True
seed1:GP50,1,GP50,True
seed1:GP51,1,GP51,True
seed1:GP52,1,GP52,True
seed1:GP53,1,GP53,True
seed1:GP54,1,GP54,True
seed1:GP55,1,GP55,True
seed1:GP56,1,GP56,True
seed1:GP57,1,GP57,True
seed1:GP58,1,GP58,True
seed1:GP59,1,GP59,True
seed1:GP60,1,GP60,True
seed1:GP61,1,GP61,True
seed1:GP62,1,GP62,True
seed1:GP63,1,GP63,True
seed1:GP64,1,GP64,True
seed1:GP65,1,GP65,True
seed1:GP66,1,GP66,True
seed1:GP67,1,GP67,True
seed1:GP68,1,GP68,True
seed1:GP69,1,GP69,True
seed1:GP70,1,GP70,True
seed1:GP71,1,GP71,True
seed1:GP72,1,GP72,True
seed1:GP73,1,GP73,True
seed1:GP74,1,GP74,True
seed1:GP75,1,GP75,True
seed1:GP76,1,GP76,True
seed1:GP77,1,GP77,True
seed1:GP78,1,GP78,True
seed1:GP79,1,GP79,True
seed1:GP80,1,GP80,True
seed1:GP81,1,GP81,True
seed1:GP82,1,GP82,True
seed1:GP83,1,GP83,True
seed1:GP84,1,GP84,True
seed1:GP85,1,GP85,True
seed1:GP86,1,GP86,True
seed1:GP87,1,GP87,True
seed1:GP88,1,GP88,True
seed1:GP89,1,GP89,True
seed1:GP90,1,GP90,True
seed1:GP91,1,GP91,True
seed1:GP92,1,GP92,True
seed1:GP93,1,GP93,True
seed1:GP94,1,GP94,True
seed1:GP95,1,GP95,True
seed1:GP96,1,GP96,True
seed1:GP97,1,GP97,True
seed1:GP98,1,GP98,True
seed1:GP99,1,GP99,True
seed1:GP100,1,GP100,True
seed1:GP101,1,GP101,True
seed1:GP102,1,GP102,True
seed1:GP103,1,GP103,True
seed1:GP104,1,GP104,True
seed1:GP105,1,GP105,True
seed1:GP106,1,GP106,True
seed1:GP107,1,GP107,True
seed1:GP108,1,GP108,True
seed1:GP109,1,GP109,True
seed1:GP110,1,GP110,True
seed1:GP111,1,GP111,True
seed1:GP112,1,GP112,True
seed1:GP113,1,GP113,True
seed1:GP114,1,GP114,True
seed1:GP115,1,GP115,True
seed1:GP116,1,GP116,True
seed1:GP117,1,GP117,True
seed1:GP118,1,GP118,True
seed1:GP119,1,GP119,True
seed1:GP120,1,GP120,True
seed1:GP121,1,GP121,True
seed1:GP122,1,GP122,True
seed1:GP123,1,GP123,True
seed1:GP124,1,GP124,True
seed1:GP125,1,GP125,True
seed1:GP126,1,GP126,True
seed1:GP127,1,GP127,True
seed1:GP128,1,GP128,True
seed1:GP129,1,GP129,True
seed1:GP130,1,GP130,True
seed1:GP131,1,GP131,True
seed1:GP132,1,GP132,True
seed1:GP133,1,GP133,True
seed1:GP134,1,GP134,True
seed1:GP135,1,GP135,True
seed1:GP136,1,GP136,True
seed1:GP137,1,GP137,True
seed1:GP138,1,GP138,True
seed1:GP139,1,GP139,True
seed1:GP140,1,GP140,True
seed1:GP141,1,GP141,True
seed1:GP142,1,GP142,True
seed1:GP143,1,GP143,True
seed1:GP144,1,GP144,True
seed1:GP145,1,GP145,True
seed1:GP146,1,GP146,True
seed1:GP147,1,GP147,True
seed1:GP148,1,GP148,True
seed1:GP149,1,GP149,True
seed1:GP150,1,GP150,True
seed1:GP151,1,GP151,True
seed1:GP152,1,GP152,True
seed1:GP153,1,GP153,True
seed1:GP154,1,GP154,True
seed1:GP155,1,GP155,True
seed1:GP156,1,GP156,True
seed1:GP157,1,GP157,True
seed1:GP158,1,GP158,True
seed1:GP159,1,GP159,True
seed1:GP160,1,GP160,True
seed1:GP161,1,GP161,True
seed1:GP162,1,GP162,True
seed1:GP163,1,GP163,True
seed1:GP164,1,GP164,True
seed1:GP165,1,GP165,True
seed1:GP166,1,GP166,True
seed1:GP167,1,GP167,True
seed1:GP168,1,GP168,True
seed1:GP169,1,GP169,True
seed1:GP170,1,GP170,True
seed1:GP171,1,GP171,True
seed1:GP172,1,GP172,True
seed1:GP173,1,GP173,True
seed1:GP174,1,GP174,True
seed1:GP175,1,GP175,True
seed1:GP176,1,GP176,True
seed1:GP177,1,GP177,True
seed1:GP178,1,GP178,True
seed1:GP179,1,GP179,True
seed1:GP180,1,GP180,True
seed1:GP181,1,GP181,True
seed1:GP182,1,GP182,True
seed1:GP183,1,GP183,True
seed1:GP184,1,GP184,True
seed1:GP185,1,GP185,True
seed1:GP186,1,GP186,True
seed1:GP187,1,GP187,True
seed1:GP188,1,GP188,True
seed1:GP189,1,GP189,True
seed1:GP190,1,GP190,True
seed1:GP191,1,GP191,True
seed1:GP192,1,GP192,True
seed1:GP193,1,GP193,True
seed1:GP194,1,GP194,True
seed1:GP195,1,GP195,True
seed1:GP196,1,GP196,True
seed1:GP197,1,GP197,True
seed1:GP198,1,GP198,True
seed1:GP199,1,GP199,True
seed1:GP200,1,GP200,True
seed1:GP201,1,GP201,True
seed1:GP202,1,GP202,True
seed1:GP203,1,GP203,True
seed1:GP204,1,GP204,True
seed1:GP205,1,GP205,True
seed1:GP206,1,GP206,True
seed1:GP207,1,GP207,False
seed1:GP208,1,GP208,True
seed1:GP209,1,GP209,True
seed1:GP210,1,GP210,True
seed1:GP211,1,GP211,True
seed1:GP212,1,GP212,True
seed1:GP213,1,GP213,True
seed1:GP214,1,GP214,True
seed1:GP215,1,GP215,True
seed1:GP216,1,GP216,True
seed1:GP217,1,GP217,True
seed1:GP218,1,GP218,True
seed1:GP219,1,GP219,True
seed1:GP220,1,GP220,True
seed1:GP221,1,GP221,True
seed1:GP222,1,GP222,True
seed1:GP223,1,GP223,True
seed1:GP224,1,GP224,True
seed1:GP225,1,GP225,True
seed1:GP226,1,GP226,True
seed1:GP227,1,GP227,True
seed1:GP228,1,GP228,True
seed1:GP229,1,GP229,True
seed1:GP230,1,GP230,True
seed1:GP231,1,GP231,True
seed1:GP232,1,GP232,True
seed1:GP233,1,GP233,True
seed1:GP234,1,GP234,True
seed1:GP235,1,GP235,True
seed1:GP236,1,GP236,True
seed1:GP237,1,GP237,True
seed1:GP238,1,GP238,True
seed1:GP239,1,GP239,True
seed1:GP240,1,GP240,True
seed1:GP241,1,GP241,True
seed1:GP242,1,GP242,True
seed1:GP243,1,GP243,True
seed1:GP244,1,GP244,True
seed1:GP245,1,GP245,True
seed1:GP246,1,GP246,True
seed1:GP247,1,GP247,True
seed1:GP248,1,GP248,True
seed1:GP249,1,GP249,True
seed1:GP250,1,GP250,True
seed1:GP251,1,GP251,True
seed1:GP252,1,GP252,True
seed1:GP253,1,GP253,True
seed1:GP254,1,GP254,True
seed1:GP255,1,GP255,True
seed2:GP0,2,GP0,True
seed2:GP1,2,GP1,True
seed2:GP2,2,GP2,True
seed2:GP3,2,GP3,True
seed2:GP4,2,GP4,True
seed2:GP5,2,GP5,True
seed2:GP6,2,GP6,True
seed2:GP7,2,GP7,True
seed2:GP8,2,GP8,True
seed2:GP9,2,GP9,True
seed2:GP10,2,GP10,True
seed2:GP11,2,GP11,True
seed2:GP12,2,GP12,True
seed2:GP13,2,GP13,True
seed2:GP14,2,GP14,True
seed2:GP15,2,GP15,True
seed2:GP16,2,GP16,True
seed2:GP17,2,GP17,True
seed2:GP18,2,GP18,True
seed2:GP19,2,GP19,True
seed2:GP20,2,GP20,True
seed2:GP21,2,GP21,True
seed2:GP22,2,GP22,True
seed2:GP23,2,GP23,True
seed2:GP24,2,GP24,True
seed2:GP25,2,GP25,True
seed2:GP26,2,GP26,True
seed2:GP27,2,GP27,True
seed2:GP28,2,GP28,True
seed2:GP29,2,GP29,True
seed2:GP30,2,GP30,True
seed2:GP31,2,GP31,True
seed2:GP32,2,GP32,True
seed2:GP33,2,GP33,True
seed2:GP34,2,GP34,True
seed2:GP35,2,GP35,True
seed2:GP36,2,GP36,True
seed2:GP37,2,GP37,True
seed2:GP38,2,GP38,True
seed2:GP39,2,GP39,True
seed2:GP40,2,GP40,True
seed2:GP41,2,GP41,True
seed2:GP42,2,GP42,True
seed2:GP43,2,GP43,True
seed2:GP44,2,GP44,True
seed2:GP45,2,GP45,True
seed2:GP46,2,GP46,True
seed2:GP47,2,GP47,True
seed2:GP48,2,GP48,True
seed2:GP49,2,GP49,True
seed2:GP50,2,GP50,True
seed2:GP51,2,GP51,True
seed2:GP52,2,GP52,True
seed2:GP53,2,GP53,True
seed2:GP54,2,GP54,True
seed2:GP55,2,GP55,True
seed2:GP56,2,GP56,True
seed2:GP57,2,GP57,True
seed2:GP58,2,GP58,True
seed2:GP59,2,GP59,True
seed2:GP60,2,GP60,True
seed2:GP61,2,GP61,True
seed2:GP62,2,GP62,True
seed2:GP63,2,GP63,True
seed2:GP64,2,GP64,True
seed2:GP65,2,GP65,True
seed2:GP66,2,GP66,True
seed2:GP67,2,GP67,True
seed2:GP68,2,GP68,True
seed2:GP69,2,GP69,True
seed2:GP70,2,GP70,True
seed2:GP71,2,GP71,True
seed2:GP72,2,GP72,True
seed2:GP73,2,GP73,True
seed2:GP74,2,GP74,True
seed2:GP75,2,GP75,True
seed2:GP76,2,GP76,True
seed2:GP77,2,GP77,True
seed2:GP78,2,GP78,True
seed2:GP79,2,GP79,True
seed2:GP80,2,GP80,True
seed2:GP81,2,GP81,True
seed2:GP82,2,GP82,True
seed2:GP83,2,GP83,True
seed2:GP84,2,GP84,True
seed2:GP85,2,GP85,True
seed2:GP86,2,GP86,True
seed2:GP87,2,GP87,True
seed2:GP88,2,GP88,True
seed2:GP89,2,GP89,True
seed2:GP90,2,GP90,True
seed2:GP91,2,GP91,True
seed2:GP92,2,GP92,True
seed2:GP93,2,GP93,True
seed2:GP94,2,GP94,True
seed2:GP95,2,GP95,True
seed2:GP96,2,GP96,True
seed2:GP97,2,GP97,True
seed2:GP98,2,GP98,True
seed2:GP99,2,GP99,True
seed2:GP100,2,GP100,True
seed2:GP101,2,GP101,True
seed2:GP102,2,GP102,True
seed2:GP103,2,GP103,True
seed2:GP104,2,GP104,True
seed2:GP105,2,GP105,True
seed2:GP106,2,GP106,True
seed2:GP107,2,GP107,True
seed2:GP108,2,GP108,True
seed2:GP109,2,GP109,True
seed2:GP110,2,GP110,True
seed2:GP111,2,GP111,True
seed2:GP112,2,GP112,True
seed2:GP113,2,GP113,True
seed2:GP114,2,GP114,True
seed2:GP115,2,GP115,True
seed2:GP116,2,GP116,True
seed2:GP117,2,GP117,True
seed2:GP118,2,GP118,True
seed2:GP119,2,GP119,True
seed2:GP120,2,GP120,True
seed2:GP121,2,GP121,True
seed2:GP122,2,GP122,True
seed2:GP123,2,GP123,True
seed2:GP124,2,GP124,True
seed2:GP125,2,GP125,True
seed2:GP126,2,GP126,True
seed2:GP127,2,GP127,True
seed2:GP128,2,GP128,True
seed2:GP129,2,GP129,True
seed2:GP130,2,GP130,True
seed2:GP131,2,GP131,True
seed2:GP132,2,GP132,True
seed2:GP133,2,GP133,True
seed2:GP134,2,GP134,True
seed2:GP135,2,GP135,True
seed2:GP136,2,GP136,True
seed2:GP137,2,GP137,True
seed2:GP138,2,GP138,True
seed2:GP139,2,GP139,True
seed2:GP140,2,GP140,True
seed2:GP141,2,GP141,True
seed2:GP142,2,GP142,True
seed2:GP143,2,GP143,True
seed2:GP144,2,GP144,True
seed2:GP145,2,GP145,True
seed2:GP146,2,GP146,True
seed2:GP147,2,GP147,True
seed2:GP148,2,GP148,True
seed2:GP149,2,GP149,True
seed2:GP150,2,GP150,True
seed2:GP151,2,GP151,True
seed2:GP152,2,GP152,True
seed2:GP153,2,GP153,True
seed2:GP154,2,GP154,True
seed2:GP155,2,GP155,True
seed2:GP156,2,GP156,True
seed2:GP157,2,GP157,True
seed2:GP158,2,GP158,True
seed2:GP159,2,GP159,True
seed2:GP160,2,GP160,True
seed2:GP161,2,GP161,True
seed2:GP162,2,GP162,True
seed2:GP163,2,GP163,True
seed2:GP164,2,GP164,True
seed2:GP165,2,GP165,True
seed2:GP166,2,GP166,True
seed2:GP167,2,GP167,True
seed2:GP168,2,GP168,True
seed2:GP169,2,GP169,True
seed2:GP170,2,GP170,True
seed2:GP171,2,GP171,True
seed2:GP172,2,GP172,True
seed2:GP173,2,GP173,True
seed2:GP174,2,GP174,True
seed2:GP175,2,GP175,True
seed2:GP176,2,GP176,True
seed2:GP177,2,GP177,True
seed2:GP178,2,GP178,True
seed2:GP179,2,GP179,True
seed2:GP180,2,GP180,True
seed2:GP181,2,GP181,True
seed2:GP182,2,GP182,True
seed2:GP183,2,GP183,True
seed2:GP184,2,GP184,True
seed2:GP185,2,GP185,True
seed2:GP186,2,GP186,True
seed2:GP187,2,GP187,True
seed2:GP188,2,GP188,True
seed2:GP189,2,GP189,True
seed2:GP190,2,GP190,True
seed2:GP191,2,GP191,True
seed2:GP192,2,GP192,True
seed2:GP193,2,GP193,True
seed2:GP194,2,GP194,True
seed2:GP195,2,GP195,True
seed2:GP196,2,GP196,True
seed2:GP197,2,GP197,True
seed2:GP198,2,GP198,True
seed2:GP199,2,GP199,True
seed2:GP200,2,GP200,True
seed2:GP201,2,GP201,True
seed2:GP202,2,GP202,True
seed2:GP203,2,GP203,True
seed2:GP204,2,GP204,True
seed2:GP205,2,GP205,True
seed2:GP206,2,GP206,True
seed2:GP207,2,GP207,True
seed2:GP208,2,GP208,True
seed2:GP209,2,GP209,True
seed2:GP210,2,GP210,True
seed2:GP211,2,GP211,True
seed2:GP212,2,GP212,True
seed2:GP213,2,GP213,True
seed2:GP214,2,GP214,True
seed2:GP215,2,GP215,True
seed2:GP216,2,GP216,True
seed2:GP217,2,GP217,True
seed2:GP218,2,GP218,True
seed2:GP219,2,GP219,True
seed2:GP220,2,GP220,True
seed2:GP221,2,GP221,True
seed2:GP222,2,GP222,True
seed2:GP223,2,GP223,True
seed2:GP224,2,GP224,True
seed2:GP225,2,GP225,True
seed2:GP226,2,GP226,True
seed2:GP227,2,GP227,True
seed2:GP228,2,GP228,True
seed2:GP229,2,GP229,True
seed2:GP230,2,GP230,True
seed2:GP231,2,GP231,True
seed2:GP232,2,GP232,True
seed2:GP233,2,GP233,True
seed2:GP234,2,GP234,True
seed2:GP235,2,GP235,True
seed2:GP236,2,GP236,True
seed2:GP237,2,GP237,True
seed2:GP238,2,GP238,True
seed2:GP239,2,GP239,True
seed2:GP240,2,GP240,True
seed2:GP241,2,GP241,True
seed2:GP242,2,GP242,True
seed2:GP243,2,GP243,True
seed2:GP244,2,GP244,True
seed2:GP245,2,GP245,True
seed2:GP246,2,GP246,True
seed2:GP247,2,GP247,True
seed2:GP248,2,GP248,True
seed2:GP249,2,GP249,True
seed2:GP250,2,GP250,True
seed2:GP251,2,GP251,True
seed2:GP252,2,GP252,True
seed2:GP253,2,GP253,True
seed2:GP254,2,GP254,True
seed2:GP255,2,GP255,True
seed3:GP0,3,GP0,True
seed3:GP1,3,GP1,True
seed3:GP2,3,GP2,True
seed3:GP3,3,GP3,True
seed3:GP4,3,GP4,True
seed3:GP5,3,GP5,True
seed3:GP6,3,GP6,True
seed3:GP7,3,GP7,True
seed3:GP8,3,GP8,True
seed3:GP9,3,GP9,True
seed3:GP10,3,GP10,True
seed3:GP11,3,GP11,True
seed3:GP12,3,GP12,True
seed3:GP13,3,GP13,True
seed3:GP14,3,GP14,True
seed3:GP15,3,GP15,True
seed3:GP16,3,GP16,True
seed3:GP17,3,GP17,True
seed3:GP18,3,GP18,True
seed3:GP19,3,GP19,True
seed3:GP20,3,GP20,True
seed3:GP21,3,GP21,True
seed3:GP22,3,GP22,True
seed3:GP23,3,GP23,True
seed3:GP24,3,GP24,True
seed3:GP25,3,GP25,True
seed3:GP26,3,GP26,True
seed3:GP27,3,GP27,True
seed3:GP28,3,GP28,True
seed3:GP29,3,GP29,True
seed3:GP30,3,GP30,True
seed3:GP31,3,GP31,True
seed3:GP32,3,GP32,True
seed3:GP33,3,GP33,True
seed3:GP34,3,GP34,True
seed3:GP35,3,GP35,True
seed3:GP36,3,GP36,True
seed3:GP37,3,GP37,True
seed3:GP38,3,GP38,True
seed3:GP39,3,GP39,True
seed3:GP40,3,GP40,True
seed3:GP41,3,GP41,True
seed3:GP42,3,GP42,True
seed3:GP43,3,GP43,True
seed3:GP44,3,GP44,True
seed3:GP45,3,GP45,True
seed3:GP46,3,GP46,True
seed3:GP47,3,GP47,True
seed3:GP48,3,GP48,True
seed3:GP49,3,GP49,True
seed3:GP50,3,GP50,True
seed3:GP51,3,GP51,True
seed3:GP52,3,GP52,True
seed3:GP53,3,GP53,True
seed3:GP54,3,GP54,True
seed3:GP55,3,GP55,True
seed3:GP56,3,GP56,True
seed3:GP57,3,GP57,True
seed3:GP58,3,GP58,True
seed3:GP59,3,GP59,True
seed3:GP60,3,GP60,True
seed3:GP61,3,GP61,True
seed3:GP62,3,GP62,True
seed3:GP63,3,GP63,True
seed3:GP64,3,GP64,True
seed3:GP65,3,GP65,True
seed3:GP66,3,GP66,True
seed3:GP67,3,GP67,True
seed3:GP68,3,GP68,True
seed3:GP69,3,GP69,True
seed3:GP70,3,GP70,True
seed3:GP71,3,GP71,True
seed3:GP72,3,GP72,True
seed3:GP73,3,GP73,True
seed3:GP74,3,GP74,True
seed3:GP75,3,GP75,True
seed3:GP76,3,GP76,True
seed3:GP77,3,GP77,True
seed3:GP78,3,GP78,True
seed3:GP79,3,GP79,True
seed3:GP80,3,GP80,True
seed3:GP81,3,GP81,True
seed3:GP82,3,GP82,True
seed3:GP83,3,GP83,True
seed3:GP84,3,GP84,True
seed3:GP85,3,GP85,True
seed3:GP86,3,GP86,True
seed3:GP87,3,GP87,True
seed3:GP88,3,GP88,True
seed3:GP89,3,GP89,True
seed3:GP90,3,GP90,True
seed3:GP91,3,GP91,True
seed3:GP92,3,GP92,True
seed3:GP93,3,GP93,True
seed3:GP94,3,GP94,True
seed3:GP95,3,GP95,True
seed3:GP96,3,GP96,True
seed3:GP97,3,GP97,True
seed3:GP98,3,GP98,True
seed3:GP99,3,GP99,True
seed3:GP100,3,GP100,True
seed3:GP101,3,GP101,True
seed3:GP102,3,GP102,True
seed3:GP103,3,GP103,True
seed3:GP104,3,GP104,True
seed3:GP105,3,GP105,True
seed3:GP106,3,GP106,True
seed3:GP107,3,GP107,True
seed3:GP108,3,GP108,True
seed3:GP109,3,GP109,True
seed3:GP110,3,GP110,True
seed3:GP111,3,GP111,True
seed3:GP112,3,GP112,True
seed3:GP113,3,GP113,True
seed3:GP114,3,GP114,True
seed3:GP115,3,GP115,True
seed3:GP116,3,GP116,True
seed3:GP117,3,GP117,True
seed3:GP118,3,GP118,True
seed3:GP119,3,GP119,True
seed3:GP120,3,GP120,True
seed3:GP121,3,GP121,True
seed3:GP122,3,GP122,True
seed3:GP123,3,GP123,True
seed3:GP124,3,GP124,True
seed3:GP125,3,GP125,True
seed3:GP126,3,GP126,True
seed3:GP127,3,GP127,True
seed3:GP128,3,GP128,True
seed3:GP129,3,GP129,True
seed3:GP130,3,GP130,True
seed3:GP131,3,GP131,True
seed3:GP132,3,GP132,True
seed3:GP133,3,GP133,True
seed3:GP134,3,GP134,True
seed3:GP135,3,GP135,True
seed3:GP136,3,GP136,True
seed3:GP137,3,GP137,True
seed3:GP138,3,GP138,True
seed3:GP139,3,GP139,True
seed3:GP140,3,GP140,True
seed3:GP141,3,GP141,True
seed3:GP142,3,GP142,True
seed3:GP143,3,GP143,True
seed3:GP144,3,GP144,True
seed3:GP145,3,GP145,True
seed3:GP146,3,GP146,True
seed3:GP147,3,GP147,True
seed3:GP148,3,GP148,True
seed3:GP149,3,GP149,True
seed3:GP150,3,GP150,True
seed3:GP151,3,GP151,True
seed3:GP152,3,GP152,True
seed3:GP153,3,GP153,True
seed3:GP154,3,GP154,True
seed3:GP155,3,GP155,True
seed3:GP156,3,GP156,True
seed3:GP157,3,GP157,True
seed3:GP158,3,GP158,True
seed3:GP159,3,GP159,True
seed3:GP160,3,GP160,True
seed3:GP161,3,GP161,True
seed3:GP162,3,GP162,True
seed3:GP163,3,GP163,True
seed3:GP164,3,GP164,True
seed3:GP165,3,GP165,True
seed3:GP166,3,GP166,True
seed3:GP167,3,GP167,True
seed3:GP168,3,GP168,True
seed3:GP169,3,GP169,True
seed3:GP170,3,GP170,True
seed3:GP171,3,GP171,True
seed3:GP172,3,GP172,True
seed3:GP173,3,GP173,True
seed3:GP174,3,GP174,True
seed3:GP175,3,GP175,True
seed3:GP176,3,GP176,True
seed3:GP177,3,GP177,True
seed3:GP178,3,GP178,True
seed3:GP179,3,GP179,True
seed3:GP180,3,GP180,True
seed3:GP181,3,GP181,True
seed3:GP182,3,GP182,True
seed3:GP183,3,GP183,True
seed3:GP184,3,GP184,True
seed3:GP185,3,GP185,True
seed3:GP186,3,GP186,True
seed3:GP187,3,GP187,True
seed3:GP188,3,GP188,True
seed3:GP189,3,GP189,True
seed3:GP190,3,GP190,True
seed3:GP191,3,GP191,True
seed3:GP192,3,GP192,True
seed3:GP193,3,GP193,True
seed3:GP194,3,GP194,True
seed3:GP195,3,GP195,True
seed3:GP196,3,GP196,True
seed3:GP197,3,GP197,True
seed3:GP198,3,GP198,True
seed3:GP199,3,GP199,True
seed3:GP200,3,GP200,True
seed3:GP201,3,GP201,True
seed3:GP202,3,GP202,True
seed3:GP203,3,GP203,True
seed3:GP204,3,GP204,True
seed3:GP205,3,GP205,False
seed3:GP206,3,GP206,True
seed3:GP207,3,GP207,True
seed3:GP208,3,GP208,True
seed3:GP209,3,GP209,True
seed3:GP210,3,GP210,True
seed3:GP211,3,GP211,True
seed3:GP212,3,GP212,True
seed3:GP213,3,GP213,True
seed3:GP214,3,GP214,True
seed3:GP215,3,GP215,True
seed3:GP216,3,GP216,True
seed3:GP217,3,GP217,True
seed3:GP218,3,GP218,True
seed3:GP219,3,GP219,True
seed3:GP220,3,GP220,True
seed3:GP221,3,GP221,True
seed3:GP222,3,GP222,True
seed3:GP223,3,GP223,True
seed3:GP224,3,GP224,True
seed3:GP225,3,GP225,True
seed3:GP226,3,GP226,True
seed3:GP227,3,GP227,True
seed3:GP228,3,GP228,True
seed3:GP229,3,GP229,True
seed3:GP230,3,GP230,True
seed3:GP231,3,GP231,True
seed3:GP232,3,GP232,True
seed3:GP233,3,GP233,True
seed3:GP234,3,GP234,True
seed3:GP235,3,GP235,True
seed3:GP236,3,GP236,True
seed3:GP237,3,GP237,True
seed3:GP238,3,GP238,True
seed3:GP239,3,GP239,True
seed3:GP240,3,GP240,True
seed3:GP241,3,GP241,True
seed3:GP242,3,GP242,True
seed3:GP243,3,GP243,True
seed3:GP244,3,GP244,True
seed3:GP245,3,GP245,True
seed3:GP246,3,GP246,True
seed3:GP247,3,GP247,True
seed3:GP248,3,GP248,True
seed3:GP249,3,GP249,True
seed3:GP250,3,GP250,True
seed3:GP251,3,GP251,True
seed3:GP252,3,GP252,True
seed3:GP253,3,GP253,True
seed3:GP254,3,GP254,True
seed3:GP255,3,GP255,True
seed4:GP0,4,GP0,True
seed4:GP1,4,GP1,True
seed4:GP2,4,GP2,True
seed4:GP3,4,GP3,True
seed4:GP4,4,GP4,True
seed4:GP5,4,GP5,True
seed4:GP6,4,GP6,True
seed4:GP7,4,GP7,True
seed4:GP8,4,GP8,True
seed4:GP9,4,GP9,True
seed4:GP10,4,GP10,True
seed4:GP11,4,GP11,True
seed4:GP12,4,GP12,True
seed4:GP13,4,GP13,True
seed4:GP14,4,GP14,True
seed4:GP15,4,GP15,True
seed4:GP16,4,GP16,True
seed4:GP17,4,GP17,True
seed4:GP18,4,GP18,True
seed4:GP19,4,GP19,True
seed4:GP20,4,GP20,True
seed4:GP21,4,GP21,True
seed4:GP22,4,GP22,True
seed4:GP23,4,GP23,True
seed4:GP24,4,GP24,True
seed4:GP25,4,GP25,True
seed4:GP26,4,GP26,True
seed4:GP27,4,GP27,True
seed4:GP28,4,GP28,True
seed4:GP29,4,GP29,True
seed4:GP30,4,GP30,True
seed4:GP31,4,GP31,True
seed4:GP32,4,GP32,True
seed4:GP33,4,GP33,True
seed4:GP34,4,GP34,True
seed4:GP35,4,GP35,True
seed4:GP36,4,GP36,True
seed4:GP37,4,GP37,True
seed4:GP38,4,GP38,True
seed4:GP39,4,GP39,True
seed4:GP40,4,GP40,True
seed4:GP41,4,GP41,True
seed4:GP42,4,GP42,True
seed4:GP43,4,GP43,True
seed4:GP44,4,GP44,True
seed4:GP45,4,GP45,True
seed4:GP46,4,GP46,True
seed4:GP47,4,GP47,True
seed4:GP48,4,GP48,True
seed4:GP49,4,GP49,True
seed4:GP50,4,GP50,True
seed4:GP51,4,GP51,True
seed4:GP52,4,GP52,True
seed4:GP53,4,GP53,True
seed4:GP54,4,GP54,True
seed4:GP55,4,GP55,True
seed4:GP56,4,GP56,True
seed4:GP57,4,GP57,True
seed4:GP58,4,GP58,True
seed4:GP59,4,GP59,True
seed4:GP60,4,GP60,True
seed4:GP61,4,GP61,True
seed4:GP62,4,GP62,True
seed4:GP63,4,GP63,True
seed4:GP64,4,GP64,True
seed4:GP65,4,GP65,True
seed4:GP66,4,GP66,True
seed4:GP67,4,GP67,True
seed4:GP68,4,GP68,True
seed4:GP69,4,GP69,True
seed4:GP70,4,GP70,True
seed4:GP71,4,GP71,True
seed4:GP72,4,GP72,True
seed4:GP73,4,GP73,True
seed4:GP74,4,GP74,True
seed4:GP75,4,GP75,True
seed4:GP76,4,GP76,True
seed4:GP77,4,GP77,True
seed4:GP78,4,GP78,True
seed4:GP79,4,GP79,True
seed4:GP80,4,GP80,True
seed4:GP81,4,GP81,True
seed4:GP82,4,GP82,True
seed4:GP83,4,GP83,True
seed4:GP84,4,GP84,True
seed4:GP85,4,GP85,True
seed4:GP86,4,GP86,True
seed4:GP87,4,GP87,True
seed4:GP88,4,GP88,True
seed4:GP89,4,GP89,True
seed4:GP90,4,GP90,True
seed4:GP91,4,GP91,True
seed4:GP92,4,GP92,True
seed4:GP93,4,GP93,True
seed4:GP94,4,GP94,True
seed4:GP95,4,GP95,True
seed4:GP96,4,GP96,True
seed4:GP97,4,GP97,True
seed4:GP98,4,GP98,True
seed4:GP99,4,GP99,True
seed4:GP100,4,GP100,True
seed4:GP101,4,GP101,True
seed4:GP102,4,GP102,True
seed4:GP103,4,GP103,True
seed4:GP104,4,GP104,True
seed4:GP105,4,GP105,True
seed4:GP106,4,GP106,True
seed4:GP107,4,GP107,True
seed4:GP108,4,GP108,True
seed4:GP109,4,GP109,True
seed4:GP110,4,GP110,True
seed4:GP111,4,GP111,True
seed4:GP112,4,GP112,True
seed4:GP113,4,GP113,True
seed4:GP114,4,GP114,True
seed4:GP115,4,GP115,True
seed4:GP116,4,GP116,True
seed4:GP117,4,GP117,True
seed4:GP118,4,GP118,True
seed4:GP119,4,GP119,True
seed4:GP120,4,GP120,True
seed4:GP121,4,GP121,True
seed4:GP122,4,GP122,True
seed4:GP123,4,GP123,True
seed4:GP124,4,GP124,True
seed4:GP125,4,GP125,True
seed4:GP126,4,GP126,True
seed4:GP127,4,GP127,True
seed4:GP128,4,GP128,True
seed4:GP129,4,GP129,True
seed4:GP130,4,GP130,True
seed4:GP131,4,GP131,True
seed4:GP132,4,GP132,True
seed4:GP133,4,GP133,True
seed4:GP134,4,GP134,True
seed4:GP135,4,GP135,True
seed4:GP136,4,GP136,True
seed4:GP137,4,GP137,True
seed4:GP138,4,GP138,True
seed4:GP139,4,GP139,True
seed4:GP140,4,GP140,True
seed4:GP141,4,GP141,True
seed4:GP142,4,GP142,True
seed4:GP143,4,GP143,True
seed4:GP144,4,GP144,True
seed4:GP145,4,GP145,True
seed4:GP146,4,GP146,True
seed4:GP147,4,GP147,True
seed4:GP148,4,GP148,True
seed4:GP149,4,GP149,True
seed4:GP150,4,GP150,True
seed4:GP151,4,GP151,True
seed4:GP152,4,GP152,True
seed4:GP153,4,GP153,True
seed4:GP154,4,GP154,True
seed4:GP155,4,GP155,True
seed4:GP156,4,GP156,True
seed4:GP157,4,GP157,True
seed4:GP158,4,GP158,True
seed4:GP159,4,GP159,True
seed4:GP160,4,GP160,True
seed4:GP161,4,GP161,True
seed4:GP162,4,GP162,True
seed4:GP163,4,GP163,True
seed4:GP164,4,GP164,True
seed4:GP165,4,GP165,True
seed4:GP166,4,GP166,True
seed4:GP167,4,GP167,True
seed4:GP168,4,GP168,True
seed4:GP169,4,GP169,True
seed4:GP170,4,GP170,True
seed4:GP171,4,GP171,True
seed4:GP172,4,GP172,True
seed4:GP173,4,GP173,True
seed4:GP174,4,GP174,True
seed4:GP175,4,GP175,True
seed4:GP176,4,GP176,True
seed4:GP177,4,GP177,True
seed4:GP178,4,GP178,True
seed4:GP179,4,GP179,True
seed4:GP180,4,GP180,True
seed4:GP181,4,GP181,True
seed4:GP182,4,GP182,True
seed4:GP183,4,GP183,True
seed4:GP184,4,GP184,True
seed4:GP185,4,GP185,True
seed4:GP186,4,GP186,True
seed4:GP187,4,GP187,True
seed4:GP188,4,GP188,True
seed4:GP189,4,GP189,True
seed4:GP190,4,GP190,True
seed4:GP191,4,GP191,True
seed4:GP192,4,GP192,True
seed4:GP193,4,GP193,True
seed4:GP194,4,GP194,True
seed4:GP195,4,GP195,True
seed4:GP196,4,GP196,True
seed4:GP197,4,GP197,True
seed4:GP198,4,GP198,True
seed4:GP199,4,GP199,True
seed4:GP200,4,GP200,True
seed4:GP201,4,GP201,True
seed4:GP202,4,GP202,True
seed4:GP203,4,GP203,True
seed4:GP204,4,GP204,True
seed4:GP205,4,GP205,True
seed4:GP206,4,GP206,True
seed4:GP207,4,GP207,True
seed4:GP208,4,GP208,True
seed4:GP209,4,GP209,True
seed4:GP210,4,GP210,True
seed4:GP211,4,GP211,True
seed4:GP212,4,GP212,True
seed4:GP213,4,GP213,True
seed4:GP214,4,GP214,True
seed4:GP215,4,GP215,True
seed4:GP216,4,GP216,True
seed4:GP217,4,GP217,True
seed4:GP218,4,GP218,True
seed4:GP219,4,GP219,True
seed4:GP220,4,GP220,True
seed4:GP221,4,GP221,True
seed4:GP222,4,GP222,True
seed4:GP223,4,GP223,True
seed4:GP224,4,GP224,True
seed4:GP225,4,GP225,True
seed4:GP226,4,GP226,True
seed4:GP227,4,GP227,True
seed4:GP228,4,GP228,True
seed4:GP229,4,GP229,True
seed4:GP230,4,GP230,True
seed4:GP231,4,GP231,True
seed4:GP232,4,GP232,True
seed4:GP233,4,GP233,True
seed4:GP234,4,GP234,True
seed4:GP235,4,GP235,True
seed4:GP236,4,GP236,True
seed4:GP237,4,GP237,True
seed4:GP238,4,GP238,True
seed4:GP239,4,GP239,True
seed4:GP240,4,GP240,True
seed4:GP241,4,GP241,True
seed4:GP242,4,GP242,True
seed4:GP243,4,GP243,True
seed4:GP244,4,GP244,True
seed4:GP245,4,GP245,True
seed4:GP246,4,GP246,True
seed4:GP247,4,GP247,True
seed4:GP248,4,GP248,True
seed4:GP249,4,GP249,True
seed4:GP250,4,GP250,True
seed4:GP251,4,GP251,True
seed4:GP252,4,GP252,True
seed4:GP253,4,GP253,True
seed4:GP254,4,GP254,True
seed4:GP255,4,GP255,True
seed5:GP0,5,GP0,True
seed5:GP1,5,GP1,True
seed5:GP2,5,GP2,True
seed5:GP3,5,GP3,True
seed5:GP4,5,GP4,True
seed5:GP5,5,GP5,True
seed5:GP6,5,GP6,True
seed5:GP7,5,GP7,True
seed5:GP8,5,GP8,True
seed5:GP9,5,GP9,True
seed5:GP10,5,GP10,True
seed5:GP11,5,GP11,True
seed5:GP12,5,GP12,True
seed5:GP13,5,GP13,True
seed5:GP14,5,GP14,True
seed5:GP15,5,GP15,True
seed5:GP16,5,GP16,True
seed5:GP17,5,GP17,True
seed5:GP18,5,GP18,True
seed5:GP19,5,GP19,True
seed5:GP20,5,GP20,True
seed5:GP21,5,GP21,True
seed5:GP22,5,GP22,True
seed5:GP23,5,GP23,True
seed5:GP24,5,GP24,True
seed5:GP25,5,GP25,True
seed5:GP26,5,GP26,True
seed5:GP27,5,GP27,True
seed5:GP28,5,GP28,True
seed5:GP29,5,GP29,True
seed5:GP30,5,GP30,True
seed5:GP31,5,GP31,True
seed5:GP32,5,GP32,True
seed5:GP33,5,GP33,True
seed5:GP34,5,GP34,True
seed5:GP35,5,GP35,True
seed5:GP36,5,GP36,True
seed5:GP37,5,GP37,True
seed5:GP38,5,GP38,True
seed5:GP39,5,GP39,True
seed5:GP40,5,GP40,True
seed5:GP41,5,GP41,True
seed5:GP42,5,GP42,True
seed5:GP43,5,GP43,True
seed5:GP44,5,GP44,True
seed5:GP45,5,GP45,True
seed5:GP46,5,GP46,True
seed5:GP47,5,GP47,True
seed5:GP48,5,GP48,True
seed5:GP49,5,GP49,True
seed5:GP50,5,GP50,True
seed5:GP51,5,GP51,True
seed5:GP52,5,GP52,True
seed5:GP53,5,GP53,True
seed5:GP54,5,GP54,True
seed5:GP55,5,GP55,True
seed5:GP56,5,GP56,True
seed5:GP57,5,GP57,True
seed5:GP58,5,GP58,True
seed5:GP59,5,GP59,True
seed5:GP60,5,GP60,True
seed5:GP61,5,GP61,True
seed5:GP62,5,GP62,True
seed5:GP63,5,GP63,True
seed5:GP64,5,GP64,True
seed5:GP65,5,GP65,True
seed5:GP66,5,GP66,True
seed5:GP67,5,GP67,True
seed5:GP68,5,GP68,True
seed5:GP69,5,GP69,True
seed5:GP70,5,GP70,True
seed5:GP71,5,GP71,True
seed5:GP72,5,GP72,True
seed5:GP73,5,GP73,True
seed5:GP74,5,GP74,True
seed5:GP75,5,GP75,True
seed5:GP76,5,GP76,True
seed5:GP77,5,GP77,True
seed5:GP78,5,GP78,True
seed5:GP79,5,GP79,True
seed5:GP80,5,GP80,True
seed5:GP81,5,GP81,True
seed5:GP82,5,GP82,True
seed5:GP83,5,GP83,True
seed5:GP84,5,GP84,True
seed5:GP85,5,GP85,True
seed5:GP86,5,GP86,True
seed5:GP87,5,GP87,True
seed5:GP88,5,GP88,True
seed5:GP89,5,GP89,True
seed5:GP90,5,GP90,True
seed5:GP91,5,GP91,True
seed5:GP92,5,GP92,True
seed5:GP93,5,GP93,True
seed5:GP94,5,GP94,True
seed5:GP95,5,GP95,True
seed5:GP96,5,GP96,True
seed5:GP97,5,GP97,True
seed5:GP98,5,GP98,True
seed5:GP99,5,GP99,True
seed5:GP100,5,GP100,True
seed5:GP101,5,GP101,True
seed5:GP102,5,GP102,True
seed5:GP103,5,GP103,True
seed5:GP104,5,GP104,True
seed5:GP105,5,GP105,True
seed5:GP106,5,GP106,True
seed5:GP107,5,GP107,True
seed5:GP108,5,GP108,True
seed5:GP109,5,GP109,True
seed5:GP110,5,GP110,True
seed5:GP111,5,GP111,True
seed5:GP112,5,GP112,True
seed5:GP113,5,GP113,True
seed5:GP114,5,GP114,True
seed5:GP115,5,GP115,True
seed5:GP116,5,GP116,True
seed5:GP117,5,GP117,True
seed5:GP118,5,GP118,True
seed5:GP119,5,GP119,True
seed5:GP120,5,GP120,True
seed5:GP121,5,GP121,True
seed5:GP122,5,GP122,True
seed5:GP123,5,GP123,True
seed5:GP124,5,GP124,True
seed5:GP125,5,GP125,True
seed5:GP126,5,GP126,True
seed5:GP127,5,GP127,True
seed5:GP128,5,GP128,True
seed5:GP129,5,GP129,True
seed5:GP130,5,GP130,True
seed5:GP131,5,GP131,True
seed5:GP132,5,GP132,True
seed5:GP133,5,GP133,True
seed5:GP134,5,GP134,True
seed5:GP135,5,GP135,True
seed5:GP136,5,GP136,True
seed5:GP137,5,GP137,True
seed5:GP138,5,GP138,True
seed5:GP139,5,GP139,True
seed5:GP140,5,GP140,True
seed5:GP141,5,GP141,True
seed5:GP142,5,GP142,True
seed5:GP143,5,GP143,True
seed5:GP144,5,GP144,True
seed5:GP145,5,GP145,True
seed5:GP146,5,GP146,True
seed5:GP147,5,GP147,True
seed5:GP148,5,GP148,True
seed5:GP149,5,GP149,True
seed5:GP150,5,GP150,True
seed5:GP151,5,GP151,True
seed5:GP152,5,GP152,True
seed5:GP153,5,GP153,True
seed5:GP154,5,GP154,True
seed5:GP155,5,GP155,True
seed5:GP156,5,GP156,True
seed5:GP157,5,GP157,True
seed5:GP158,5,GP158,True
seed5:GP159,5,GP159,True
seed5:GP160,5,GP160,True
seed5:GP161,5,GP161,True
seed5:GP162,5,GP162,True
seed5:GP163,5,GP163,True
seed5:GP164,5,GP164,True
seed5:GP165,5,GP165,True
seed5:GP166,5,GP166,True
seed5:GP167,5,GP167,True
seed5:GP168,5,GP168,True
seed5:GP169,5,GP169,True
seed5:GP170,5,GP170,True
seed5:GP171,5,GP171,True
seed5:GP172,5,GP172,True
seed5:GP173,5,GP173,True
seed5:GP174,5,GP174,True
seed5:GP175,5,GP175,True
seed5:GP176,5,GP176,True
seed5:GP177,5,GP177,True
seed5:GP178,5,GP178,True
seed5:GP179,5,GP179,True
seed5:GP180,5,GP180,True
seed5:GP181,5,GP181,True
seed5:GP182,5,GP182,True
seed5:GP183,5,GP183,True
seed5:GP184,5,GP184,True
seed5:GP185,5,GP185,True
seed5:GP186,5,GP186,True
seed5:GP187,5,GP187,True
seed5:GP188,5,GP188,True
seed5:GP189,5,GP189,True
seed5:GP190,5,GP190,True
seed5:GP191,5,GP191,True
seed5:GP192,5,GP192,True
seed5:GP193,5,GP193,True
seed5:GP194,5,GP194,True
seed5:GP195,5,GP195,True
seed5:GP196,5,GP196,True
seed5:GP197,5,GP197,True
seed5:GP198,5,GP198,True
seed5:GP199,5,GP199,True
seed5:GP200,5,GP200,True
seed5:GP201,5,GP201,True
seed5:GP202,5,GP202,True
seed5:GP203,5,GP203,True
seed5:GP204,5,GP204,True
seed5:GP205,5,GP205,True
seed5:GP206,5,GP206,True
seed5:GP207,5,GP207,True
seed5:GP208,5,GP208,True
seed5:GP209,5,GP209,True
seed5:GP210,5,GP210,True
seed5:GP211,5,GP211,True
seed5:GP212,5,GP212,True
seed5:GP213,5,GP213,True
seed5:GP214,5,GP214,True
seed5:GP215,5,GP215,True
seed5:GP216,5,GP216,True
seed5:GP217,5,GP217,True
seed5:GP218,5,GP218,True
seed5:GP219,5,GP219,True
seed5:GP220,5,GP220,True
seed5:GP221,5,GP221,True
seed5:GP222,5,GP222,True
seed5:GP223,5,GP223,True
seed5:GP224,5,GP224,True
seed5:GP225,5,GP225,True
seed5:GP226,5,GP226,True
seed5:GP227,5,GP227,True
seed5:GP228,5,GP228,True
seed5:GP229,5,GP229,True
seed5:GP230,5,GP230,True
seed5:GP231,5,GP231,True
seed5:GP232,5,GP232,True
seed5:GP233,5,GP233,True
seed5:GP234,5,GP234,True
seed5:GP235,5,GP235,True
seed5:GP236,5,GP236,True
seed5:GP237,5,GP237,True
seed5:GP238,5,GP238,True
seed5:GP239,5,GP239,True
seed5:GP240,5,GP240,True
seed5:GP241,5,GP241,True
seed5:GP242,5,GP242,True
seed5:GP243,5,GP243,True
seed5:GP244,5,GP244,True
seed5:GP245,5,GP245,False
seed5:GP246,5,GP246,True
seed5:GP247,5,GP247,True
seed5:GP248,5,GP248,True
seed5:GP249,5,GP249,True
seed5:GP250,5,GP250,True
seed5:GP251,5,GP251,True
seed5:GP252,5,GP252,True
seed5:GP253,5,GP253,True
seed5:GP254,5,GP254,True
seed5:GP255,5,GP255,True
seed6:GP0,6,GP0,True
seed6:GP1,6,GP1,True
seed6:GP2,6,GP2,True
seed6:GP3,6,GP3,True
seed6:GP4,6,GP4,True
seed6:GP5,6,GP5,True
seed6:GP6,6,GP6,True
seed6:GP7,6,GP7,True
seed6:GP8,6,GP8,True
seed6:GP9,6,GP9,True
seed6:GP10,6,GP10,True
seed6:GP11,6,GP11,True
seed6:GP12,6,GP12,True
seed6:GP13,6,GP13,True
seed6:GP14,6,GP14,True
seed6:GP15,6,GP15,True
seed6:GP16,6,GP16,True
seed6:GP17,6,GP17,True
seed6:GP18,6,GP18,True
seed6:GP19,6,GP19,True
seed6:GP20,6,GP20,True
seed6:GP21,6,GP21,True
seed6:GP22,6,GP22,True
seed6:GP23,6,GP23,True
seed6:GP24,6,GP24,True
seed6:GP25,6,GP25,True
seed6:GP26,6,GP26,True
seed6:GP27,6,GP27,True
seed6:GP28,6,GP28,True
seed6:GP29,6,GP29,True
seed6:GP30,6,GP30,True
seed6:GP31,6,GP31,True
seed6:GP32,6,GP32,True
seed6:GP33,6,GP33,True
seed6:GP34,6,GP34,True
seed6:GP35,6,GP35,True
seed6:GP36,6,GP36,True
seed6:GP37,6,GP37,True
seed6:GP38,6,GP38,True
seed6:GP39,6,GP39,True
seed6:GP40,6,GP40,True
seed6:GP41,6,GP41,True
seed6:GP42,6,GP42,True
seed6:GP43,6,GP43,True
seed6:GP44,6,GP44,True
seed6:GP45,6,GP45,True
seed6:GP46,6,GP46,True
seed6:GP47,6,GP47,True
seed6:GP48,6,GP48,True
seed6:GP49,6,GP49,True
seed6:GP50,6,GP50,True
seed6:GP51,6,GP51,True
seed6:GP52,6,GP52,True
seed6:GP53,6,GP53,True
seed6:GP54,6,GP54,True
seed6:GP55,6,GP55,True
seed6:GP56,6,GP56,True
seed6:GP57,6,GP57,True
seed6:GP58,6,GP58,True
seed6:GP59,6,GP59,True
seed6:GP60,6,GP60,True
seed6:GP61,6,GP61,True
seed6:GP62,6,GP62,True
seed6:GP63,6,GP63,True
seed6:GP64,6,GP64,True
seed6:GP65,6,GP65,True
seed6:GP66,6,GP66,True
seed6:GP67,6,GP67,True
seed6:GP68,6,GP68,True
seed6:GP69,6,GP69,True
seed6:GP70,6,GP70,True
seed6:GP71,6,GP71,True
seed6:GP72,6,GP72,True
seed6:GP73,6,GP73,True
seed6:GP74,6,GP74,True
seed6:GP75,6,GP75,True
seed6:GP76,6,GP76,True
seed6:GP77,6,GP77,True
seed6:GP78,6,GP78,True
seed6:GP79,6,GP79,True
seed6:GP80,6,GP80,True
seed6:GP81,6,GP81,True
seed6:GP82,6,GP82,True
seed6:GP83,6,GP83,True
seed6:GP84,6,GP84,True
seed6:GP85,6,GP85,True
seed6:GP86,6,GP86,True
seed6:GP87,6,GP87,True
seed6:GP88,6,GP88,True
seed6:GP89,6,GP89,True
seed6:GP90,6,GP90,True
seed6:GP91,6,GP91,True
seed6:GP92,6,GP92,True
seed6:GP93,6,GP93,True
seed6:GP94,6,GP94,True
seed6:GP95,6,GP95,True
seed6:GP96,6,GP96,True
seed6:GP97,6,GP97,True
seed6:GP98,6,GP98,True
seed6:GP99,6,GP99,True
seed6:GP100,6,GP100,True
seed6:GP101,6,GP101,True
seed6:GP102,6,GP102,True
seed6:GP103,6,GP103,True
seed6:GP104,6,GP104,True
seed6:GP105,6,GP105,True
seed6:GP106,6,GP106,True
seed6:GP107,6,GP107,True
seed6:GP108,6,GP108,True
seed6:GP109,6,GP109,True
seed6:GP110,6,GP110,True
seed6:GP111,6,GP111,True
seed6:GP112,6,GP112,True
seed6:GP113,6,GP113,True
seed6:GP114,6,GP114,True
seed6:GP115,6,GP115,True
seed6:GP116,6,GP116,True
seed6:GP117,6,GP117,True
seed6:GP118,6,GP118,True
seed6:GP119,6,GP119,True
seed6:GP120,6,GP120,True
seed6:GP121,6,GP121,True
seed6:GP122,6,GP122,True
seed6:GP123,6,GP123,True
seed6:GP124,6,GP124,True
seed6:GP125,6,GP125,True
seed6:GP126,6,GP126,True
seed6:GP127,6,GP127,True
seed6:GP128,6,GP128,True
seed6:GP129,6,GP129,True
seed6:GP130,6,GP130,True
seed6:GP131,6,GP131,True
seed6:GP132,6,GP132,True
seed6:GP133,6,GP133,True
seed6:GP134,6,GP134,True
seed6:GP135,6,GP135,True
seed6:GP136,6,GP136,True
seed6:GP137,6,GP137,True
seed6:GP138,6,GP138,True
seed6:GP139,6,GP139,True
seed6:GP140,6,GP140,True
seed6:GP141,6,GP141,True
seed6:GP142,6,GP142,True
seed6:GP143,6,GP143,True
seed6:GP144,6,GP144,True
seed6:GP145,6,GP145,True
seed6:GP146,6,GP146,True
seed6:GP147,6,GP147,True
seed6:GP148,6,GP148,True
seed6:GP149,6,GP149,True
seed6:GP150,6,GP150,True
seed6:GP151,6,GP151,True
seed6:GP152,6,GP152,True
seed6:GP153,6,GP153,True
seed6:GP154,6,GP154,True
seed6:GP155,6,GP155,True
seed6:GP156,6,GP156,True
seed6:GP157,6,GP157,True
seed6:GP158,6,GP158,True
seed6:GP159,6,GP159,True
seed6:GP160,6,GP160,True
seed6:GP161,6,GP161,True
seed6:GP162,6,GP162,True
seed6:GP163,6,GP163,True
seed6:GP164,6,GP164,True
seed6:GP165,6,GP165,True
seed6:GP166,6,GP166,True
seed6:GP167,6,GP167,True
seed6:GP168,6,GP168,True
seed6:GP169,6,GP169,True
seed6:GP170,6,GP170,True
seed6:GP171,6,GP171,True
seed6:GP172,6,GP172,True
seed6:GP173,6,GP173,True
seed6:GP174,6,GP174,True
seed6:GP175,6,GP175,True
seed6:GP176,6,GP176,True
seed6:GP177,6,GP177,True
seed6:GP178,6,GP178,True
seed6:GP179,6,GP179,True
seed6:GP180,6,GP180,True
seed6:GP181,6,GP181,True
seed6:GP182,6,GP182,True
seed6:GP183,6,GP183,True
seed6:GP184,6,GP184,True
seed6:GP185,6,GP185,True
seed6:GP186,6,GP186,True
seed6:GP187,6,GP187,True
seed6:GP188,6,GP188,True
seed6:GP189,6,GP189,True
seed6:GP190,6,GP190,True
seed6:GP191,6,GP191,True
seed6:GP192,6,GP192,True
seed6:GP193,6,GP193,True
seed6:GP194,6,GP194,True
seed6:GP195,6,GP195,True
seed6:GP196,6,GP196,True
seed6:GP197,6,GP197,True
seed6:GP198,6,GP198,True
seed6:GP199,6,GP199,True
seed6:GP200,6,GP200,True
seed6:GP201,6,GP201,True
seed6:GP202,6,GP202,True
seed6:GP203,6,GP203,True
seed6:GP204,6,GP204,True
seed6:GP205,6,GP205,True
seed6:GP206,6,GP206,True
seed6:GP207,6,GP207,True
seed6:GP208,6,GP208,True
seed6:GP209,6,GP209,True
seed6:GP210,6,GP210,True
seed6:GP211,6,GP211,True
seed6:GP212,6,GP212,True
seed6:GP213,6,GP213,True
seed6:GP214,6,GP214,True
seed6:GP215,6,GP215,True
seed6:GP216,6,GP216,True
seed6:GP217,6,GP217,True
seed6:GP218,6,GP218,True
seed6:GP219,6,GP219,True
seed6:GP220,6,GP220,True
seed6:GP221,6,GP221,True
seed6:GP222,6,GP222,True
seed6:GP223,6,GP223,True
seed6:GP224,6,GP224,True
seed6:GP225,6,GP225,True
seed6:GP226,6,GP226,True
seed6:GP227,6,GP227,True
seed6:GP228,6,GP228,True
seed6:GP229,6,GP229,True
seed6:GP230,6,GP230,True
seed6:GP231,6,GP231,True
seed6:GP232,6,GP232,True
seed6:GP233,6,GP233,True
seed6:GP234,6,GP234,True
seed6:GP235,6,GP235,True
seed6:GP236,6,GP236,True
seed6:GP237,6,GP237,True
seed6:GP238,6,GP238,True
seed6:GP239,6,GP239,True
seed6:GP240,6,GP240,True
seed6:GP241,6,GP241,True
seed6:GP242,6,GP242,True
seed6:GP243,6,GP243,True
seed6:GP244,6,GP244,True
seed6:GP245,6,GP245,True
seed6:GP246,6,GP246,True
seed6:GP247,6,GP247,True
seed6:GP248,6,GP248,True
seed6:GP249,6,GP249,False
seed6:GP250,6,GP250,True
seed6:GP251,6,GP251,True
seed6:GP252,6,GP252,True
seed6:GP253,6,GP253,True
seed6:GP254,6,GP254,True
seed6:GP255,6,GP255,True
seed7:GP0,7,GP0,True
seed7:GP1,7,GP1,True
seed7:GP2,7,GP2,True
seed7:GP3,7,GP3,True
seed7:GP4,7,GP4,True
seed7:GP5,7,GP5,True
seed7:GP6,7,GP6,True
seed7:GP7,7,GP7,True
seed7:GP8,7,GP8,True
seed7:GP9,7,GP9,True
seed7:GP10,7,GP10,True
seed7:GP11,7,GP11,True
seed7:GP12,7,GP12,True
seed7:GP13,7,GP13,True
seed7:GP14,7,GP14,True
seed7:GP15,7,GP15,True
seed7:GP16,7,GP16,True
seed7:GP17,7,GP17,True
seed7:GP18,7,GP18,True
seed7:GP19,7,GP19,True
seed7:GP20,7,GP20,True
seed7:GP21,7,GP21,True
seed7:GP22,7,GP22,True
seed7:GP23,7,GP23,True
seed7:GP24,7,GP24,True
seed7:GP25,7,GP25,True
seed7:GP26,7,GP26,True
seed7:GP27,7,GP27,True
seed7:GP28,7,GP28,True
seed7:GP29,7,GP29,True
seed7:GP30,7,GP30,True
seed7:GP31,7,GP31,True
seed7:GP32,7,GP32,True
seed7:GP33,7,GP33,True
seed7:GP34,7,GP34,True
seed7:GP35,7,GP35,True
seed7:GP36,7,GP36,True
seed7:GP37,7,GP37,True
seed7:GP38,7,GP38,True
seed7:GP39,7,GP39,True
seed7:GP40,7,GP40,True
seed7:GP41,7,GP41,True
seed7:GP42,7,GP42,True
seed7:GP43,7,GP43,True
seed7:GP44,7,GP44,True
seed7:GP45,7,GP45,True
seed7:GP46,7,GP46,True
seed7:GP47,7,GP47,True
seed7:GP48,7,GP48,True
seed7:GP49,7,GP49,True
seed7:GP50,7,GP50,True
seed7:GP51,7,GP51,True
seed7:GP52,7,GP52,True
seed7:GP53,7,GP53,True
seed7:GP54,7,GP54,True
seed7:GP55,7,GP55,True
seed7:GP56,7,GP56,True
seed7:GP57,7,GP57,True
seed7:GP58,7,GP58,True
seed7:GP59,7,GP59,True
seed7:GP60,7,GP60,True
seed7:GP61,7,GP61,True
seed7:GP62,7,GP62,True
seed7:GP63,7,GP63,True
seed7:GP64,7,GP64,True
seed7:GP65,7,GP65,True
seed7:GP66,7,GP66,True
seed7:GP67,7,GP67,True
seed7:GP68,7,GP68,True
seed7:GP69,7,GP69,True
seed7:GP70,7,GP70,True
seed7:GP71,7,GP71,True
seed7:GP72,7,GP72,True
seed7:GP73,7,GP73,True
seed7:GP74,7,GP74,True
seed7:GP75,7,GP75,True
seed7:GP76,7,GP76,True
seed7:GP77,7,GP77,True
seed7:GP78,7,GP78,True
seed7:GP79,7,GP79,True
seed7:GP80,7,GP80,True
seed7:GP81,7,GP81,True
seed7:GP82,7,GP82,True
seed7:GP83,7,GP83,True
seed7:GP84,7,GP84,True
seed7:GP85,7,GP85,True
seed7:GP86,7,GP86,True
seed7:GP87,7,GP87,True
seed7:GP88,7,GP88,True
seed7:GP89,7,GP89,True
seed7:GP90,7,GP90,True
seed7:GP91,7,GP91,True
seed7:GP92,7,GP92,True
seed7:GP93,7,GP93,True
seed7:GP94,7,GP94,True
seed7:GP95,7,GP95,True
seed7:GP96,7,GP96,True
seed7:GP97,7,GP97,True
seed7:GP98,7,GP98,True
seed7:GP99,7,GP99,True
seed7:GP100,7,GP100,True
seed7:GP101,7,GP101,True
seed7:GP102,7,GP102,True
seed7:GP103,7,GP103,True
seed7:GP104,7,GP104,True
seed7:GP105,7,GP105,True
seed7:GP106,7,GP106,True
seed7:GP107,7,GP107,True
seed7:GP108,7,GP108,True
seed7:GP109,7,GP109,True
seed7:GP110,7,GP110,True
seed7:GP111,7,GP111,True
seed7:GP112,7,GP112,True
seed7:GP113,7,GP113,True
seed7:GP114,7,GP114,True
seed7:GP115,7,GP115,True
seed7:GP116,7,GP116,True
seed7:GP117,7,GP117,True
seed7:GP118,7,GP118,True
seed7:GP119,7,GP119,True
seed7:GP120,7,GP120,True
seed7:GP121,7,GP121,True
seed7:GP122,7,GP122,True
seed7:GP123,7,GP123,True
seed7:GP124,7,GP124,True
seed7:GP125,7,GP125,True
seed7:GP126,7,GP126,True
seed7:GP127,7,GP127,True
seed7:GP128,7,GP128,True
seed7:GP129,7,GP129,True
seed7:GP130,7,GP130,True
seed7:GP131,7,GP131,True
seed7:GP132,7,GP132,True
seed7:GP133,7,GP133,True
seed7:GP134,7,GP134,True
seed7:GP135,7,GP135,True
seed7:GP136,7,GP136,True
seed7:GP137,7,GP137,True
seed7:GP138,7,GP138,True
seed7:GP139,7,GP139,True
seed7:GP140,7,GP140,True
seed7:GP141,7,GP141,True
seed7:GP142,7,GP142,True
seed7:GP143,7,GP143,True
seed7:GP144,7,GP144,True
seed7:GP145,7,GP145,True
seed7:GP146,7,GP146,True
seed7:GP147,7,GP147,True
seed7:GP148,7,GP148,True
seed7:GP149,7,GP149,True
seed7:GP150,7,GP150,True
seed7:GP151,7,GP151,True
seed7:GP152,7,GP152,True
seed7:GP153,7,GP153,True
seed7:GP154,7,GP154,True
seed7:GP155,7,GP155,True
seed7:GP156,7,GP156,True
seed7:GP157,7,GP157,True
seed7:GP158,7,GP158,True
seed7:GP159,7,GP159,True
seed7:GP160,7,GP160,True
seed7:GP161,7,GP161,True
seed7:GP162,7,GP162,True
seed7:GP163,7,GP163,True
seed7:GP164,7,GP164,True
seed7:GP165,7,GP165,True
seed7:GP166,7,GP166,True
seed7:GP167,7,GP167,True
seed7:GP168,7,GP168,True
seed7:GP169,7,GP169,True
seed7:GP170,7,GP170,True
seed7:GP171,7,GP171,True
seed7:GP172,7,GP172,True
seed7:GP173,7,GP173,True
seed7:GP174,7,GP174,True
seed7:GP175,7,GP175,True
seed7:GP176,7,GP176,True
seed7:GP177,7,GP177,True
seed7:GP178,7,GP178,True
seed7:GP179,7,GP179,True
seed7:GP180,7,GP180,True
seed7:GP181,7,GP181,True
seed7:GP182,7,GP182,True
seed7:GP183,7,GP183,True
seed7:GP184,7,GP184,True
seed7:GP185,7,GP185,True
seed7:GP186,7,GP186,True
seed7:GP187,7,GP187,True
seed7:GP188,7,GP188,True
seed7:GP189,7,GP189,True
seed7:GP190,7,GP190,True
seed7:GP191,7,GP191,True
seed7:GP192,7,GP192,True
seed7:GP193,7,GP193,True
seed7:GP194,7,GP194,True
seed7:GP195,7,GP195,True
seed7:GP196,7,GP196,True
seed7:GP197,7,GP197,True
seed7:GP198,7,GP198,True
seed7:GP199,7,GP199,True
seed7:GP200,7,GP200,True
seed7:GP201,7,GP201,True
seed7:GP202,7,GP202,True
seed7:GP203,7,GP203,True
seed7:GP204,7,GP204,True
seed7:GP205,7,GP205,True
seed7:GP206,7,GP206,True
seed7:GP207,7,GP207,True
seed7:GP208,7,GP208,True
seed7:GP209,7,GP209,True
seed7:GP210,7,GP210,True
seed7:GP211,7,GP211,True
seed7:GP212,7,GP212,True
seed7:GP213,7,GP213,True
seed7:GP214,7,GP214,True
seed7:GP215,7,GP215,True
seed7:GP216,7,GP216,True
seed7:GP217,7,GP217,True
seed7:GP218,7,GP218,True
seed7:GP219,7,GP219,True
seed7:GP220,7,GP220,True
seed7:GP221,7,GP221,True
seed7:GP222,7,GP222,True
seed7:GP223,7,GP223,True
seed7:GP224,7,GP224,True
seed7:GP225,7,GP225,True
seed7:GP226,7,GP226,True
seed7:GP227,7,GP227,True
seed7:GP228,7,GP228,True
seed7:GP229,7,GP229,True
seed7:GP230,7,GP230,True
seed7:GP231,7,GP231,True
seed7:GP232,7,GP232,True
seed7:GP233,7,GP233,True
seed7:GP234,7,GP234,True
seed7:GP235,7,GP235,True
seed7:GP236,7,GP236,True
seed7:GP237,7,GP237,True
seed7:GP238,7,GP238,True
seed7:GP239,7,GP239,True
seed7:GP240,7,GP240,True
seed7:GP241,7,GP241,True
seed7:GP242,7,GP242,True
seed7:GP243,7,GP243,True
seed7:GP244,7,GP244,True
seed7:GP245,7,GP245,True
seed7:GP246,7,GP246,True
seed7:GP247,7,GP247,True
seed7:GP248,7,GP248,True
seed7:GP249,7,GP249,True
seed7:GP250,7,GP250,True
seed7:GP251,7,GP251,True
seed7:GP252,7,GP252,True
seed7:GP253,7,GP253,True
seed7:GP254,7,GP254,True
seed7:GP255,7,GP255,True
seed8:GP0,8,GP0,True
seed8:GP1,8,GP1,True
seed8:GP2,8,GP2,True
seed8:GP3,8,GP3,True
seed8:GP4,8,GP4,True
seed8:GP5,8,GP5,True
seed8:GP6,8,GP6,True
seed8:GP7,8,GP7,True
seed8:GP8,8,GP8,True
seed8:GP9,8,GP9,True
seed8:GP10,8,GP10,True
seed8:GP11,8,GP11,True
seed8:GP12,8,GP12,True
seed8:GP13,8,GP13,True
seed8:GP14,8,GP14,True
seed8:GP15,8,GP15,True
seed8:GP16,8,GP16,True
seed8:GP17,8,GP17,True
seed8:GP18,8,GP18,True
seed8:GP19,8,GP19,True
seed8:GP20,8,GP20,True
seed8:GP21,8,GP21,True
seed8:GP22,8,GP22,True
seed8:GP23,8,GP23,True
seed8:GP24,8,GP24,True
seed8:GP25,8,GP25,True
seed8:GP26,8,GP26,True
seed8:GP27,8,GP27,True
seed8:GP28,8,GP28,True
seed8:GP29,8,GP29,True
seed8:GP30,8,GP30,True
seed8:GP31,8,GP31,True
seed8:GP32,8,GP32,True
seed8:GP33,8,GP33,True
seed8:GP34,8,GP34,True
seed8:GP35,8,GP35,True
seed8:GP36,8,GP36,True
seed8:GP37,8,GP37,True
seed8:GP38,8,GP38,True
seed8:GP39,8,GP39,True
seed8:GP40,8,GP40,True
seed8:GP41,8,GP41,True
seed8:GP42,8,GP42,True
seed8:GP43,8,GP43,True
seed8:GP44,8,GP44,True
seed8:GP45,8,GP45,True
seed8:GP46,8,GP46,True
seed8:GP47,8,GP47,True
seed8:GP48,8,GP48,True
seed8:GP49,8,GP49,True
seed8:GP50,8,GP50,True
seed8:GP51,8,GP51,True
seed8:GP52,8,GP52,True
seed8:GP53,8,GP53,True
seed8:GP54,8,GP54,True
seed8:GP55,8,GP55,True
seed8:GP56,8,GP56,True
seed8:GP57,8,GP57,True
seed8:GP58,8,GP58,True
seed8:GP59,8,GP59,True
seed8:GP60,8,GP60,True
seed8:GP61,8,GP61,True
seed8:GP62,8,GP62,True
seed8:GP63,8,GP63,True
seed8:GP64,8,GP64,True
seed8:GP65,8,GP65,True
seed8:GP66,8,GP66,True
seed8:GP67,8,GP67,True
seed8:GP68,8,GP68,True
seed8:GP69,8,GP69,True
seed8:GP70,8,GP70,True
seed8:GP71,8,GP71,True
seed8:GP72,8,GP72,True
seed8:GP73,8,GP73,True
seed8:GP74,8,GP74,True
seed8:GP75,8,GP75,True
seed8:GP76,8,GP76,True
seed8:GP77,8,GP77,True
seed8:GP78,8,GP78,True
seed8:GP79,8,GP79,True
seed8:GP80,8,GP80,True
seed8:GP81,8,GP81,True
seed8:GP82,8,GP82,True
seed8:GP83,8,GP83,True
seed8:GP84,8,GP84,True
seed8:GP85,8,GP85,True
seed8:GP86,8,GP86,True
seed8:GP87,8,GP87,True
seed8:GP88,8,GP88,True
seed8:GP89,8,GP89,True
seed8:GP90,8,GP90,True
seed8:GP91,8,GP91,True
seed8:GP92,8,GP92,True
seed8:GP93,8,GP93,True
seed8:GP94,8,GP94,True
seed8:GP95,8,GP95,True
seed8:GP96,8,GP96,True
seed8:GP97,8,GP97,True
seed8:GP98,8,GP98,True
seed8:GP99,8,GP99,True
seed8:GP100,8,GP100,True
seed8:GP101,8,GP101,True
seed8:GP102,8,GP102,True
seed8:GP103,8,GP103,True
seed8:GP104,8,GP104,True
seed8:GP105,8,GP105,True
seed8:GP106,8,GP106,True
seed8:GP107,8,GP107,True
seed8:GP108,8,GP108,True
seed8:GP109,8,GP109,True
seed8:GP110,8,GP110,True
seed8:GP111,8,GP111,True
seed8:GP112,8,GP112,True
seed8:GP113,8,GP113,True
seed8:GP114,8,GP114,True
seed8:GP115,8,GP115,True
seed8:GP116,8,GP116,True
seed8:GP117,8,GP117,True
seed8:GP118,8,GP118,True
seed8:GP119,8,GP119,True
seed8:GP120,8,GP120,True
seed8:GP121,8,GP121,True
seed8:GP122,8,GP122,True
seed8:GP123,8,GP123,True
seed8:GP124,8,GP124,True
seed8:GP125,8,GP125,True
seed8:GP126,8,GP126,True
seed8:GP127,8,GP127,True
seed8:GP128,8,GP128,True
seed8:GP129,8,GP129,True
seed8:GP130,8,GP130,True
seed8:GP131,8,GP131,True
seed8:GP132,8,GP132,True
seed8:GP133,8,GP133,True
seed8:GP134,8,GP134,True
seed8:GP135,8,GP135,True
seed8:GP136,8,GP136,True
seed8:GP137,8,GP137,True
seed8:GP138,8,GP138,True
seed8:GP139,8,GP139,True
seed8:GP140,8,GP140,True
seed8:GP141,8,GP141,True
seed8:GP142,8,GP142,True
seed8:GP143,8,GP143,True
seed8:GP144,8,GP144,True
seed8:GP145,8,GP145,True
seed8:GP146,8,GP146,True
seed8:GP147,8,GP147,True
seed8:GP148,8,GP148,True
seed8:GP149,8,GP149,True
seed8:GP150,8,GP150,True
seed8:GP151,8,GP151,True
seed8:GP152,8,GP152,True
seed8:GP153,8,GP153,True
seed8:GP154,8,GP154,True
seed8:GP155,8,GP155,True
seed8:GP156,8,GP156,True
seed8:GP157,8,GP157,True
seed8:GP158,8,GP158,True
seed8:GP159,8,GP159,True
seed8:GP160,8,GP160,True
seed8:GP161,8,GP161,True
seed8:GP162,8,GP162,True
seed8:GP163,8,GP163,True
seed8:GP164,8,GP164,True
seed8:GP165,8,GP165,True
seed8:GP166,8,GP166,True
seed8:GP167,8,GP167,True
seed8:GP168,8,GP168,True
seed8:GP169,8,GP169,True
seed8:GP170,8,GP170,True
seed8:GP171,8,GP171,True
seed8:GP172,8,GP172,True
seed8:GP173,8,GP173,True
seed8:GP174,8,GP174,True
seed8:GP175,8,GP175,True
seed8:GP176,8,GP176,True
seed8:GP177,8,GP177,True
seed8:GP178,8,GP178,True
seed8:GP179,8,GP179,True
seed8:GP180,8,GP180,True
seed8:GP181,8,GP181,True
seed8:GP182,8,GP182,True
seed8:GP183,8,GP183,True
seed8:GP184,8,GP184,True
seed8:GP185,8,GP185,True
seed8:GP186,8,GP186,True
seed8:GP187,8,GP187,True
seed8:GP188,8,GP188,True
seed8:GP189,8,GP189,True
seed8:GP190,8,GP190,True
seed8:GP191,8,GP191,True
seed8:GP192,8,GP192,True
seed8:GP193,8,GP193,True
seed8:GP194,8,GP194,True
seed8:GP195,8,GP195,True
seed8:GP196,8,GP196,True
seed8:GP197,8,GP197,True
seed8:GP198,8,GP198,True
seed8:GP199,8,GP199,True
seed8:GP200,8,GP200,True
seed8:GP201,8,GP201,True
seed8:GP202,8,GP202,True
seed8:GP203,8,GP203,True
seed8:GP204,8,GP204,True
seed8:GP205,8,GP205,True
seed8:GP206,8,GP206,True
seed8:GP207,8,GP207,True
seed8:GP208,8,GP208,True
seed8:GP209,8,GP209,True
seed8:GP210,8,GP210,True
seed8:GP211,8,GP211,True
seed8:GP212,8,GP212,True
seed8:GP213,8,GP213,True
seed8:GP214,8,GP214,True
seed8:GP215,8,GP215,True
seed8:GP216,8,GP216,True
seed8:GP217,8,GP217,True
seed8:GP218,8,GP218,True
seed8:GP219,8,GP219,True
seed8:GP220,8,GP220,True
seed8:GP221,8,GP221,True
seed8:GP222,8,GP222,True
seed8:GP223,8,GP223,True
seed8:GP224,8,GP224,True
seed8:GP225,8,GP225,True
seed8:GP226,8,GP226,True
seed8:GP227,8,GP227,True
seed8:GP228,8,GP228,True
seed8:GP229,8,GP229,True
seed8:GP230,8,GP230,True
seed8:GP231,8,GP231,True
seed8:GP232,8,GP232,True
seed8:GP233,8,GP233,True
seed8:GP234,8,GP234,True
seed8:GP235,8,GP235,True
seed8:GP236,8,GP236,True
seed8:GP237,8,GP237,True
seed8:GP238,8,GP238,True
seed8:GP239,8,GP239,True
seed8:GP240,8,GP240,True
seed8:GP241,8,GP241,True
seed8:GP242,8,GP242,True
seed8:GP243,8,GP243,True
seed8:GP244,8,GP244,True
seed8:GP245,8,GP245,True
seed8:GP246,8,GP246,True
seed8:GP247,8,GP247,True
seed8:GP248,8,GP248,True
seed8:GP249,8,GP249,True
seed8:GP250,8,GP250,True
seed8:GP251,8,GP251,True
seed8:GP252,8,GP252,True
seed8:GP253,8,GP253,True
seed8:GP254,8,GP254,False
seed8:GP255,8,GP255,True
seed9:GP0,9,GP0,True
seed9:GP1,9,GP1,True
seed9:GP2,9,GP2,True
seed9:GP3,9,GP3,True
seed9:GP4,9,GP4,True
seed9:GP5,9,GP5,True
seed9:GP6,9,GP6,True
seed9:GP7,9,GP7,True
seed9:GP8,9,GP8,True
seed9:GP9,9,GP9,True
seed9:GP10,9,GP10,True
seed9:GP11,9,GP11,True
seed9:GP12,9,GP12,True
seed9:GP13,9,GP13,True
seed9:GP14,9,GP14,True
seed9:GP15,9,GP15,True
seed9:GP16,9,GP16,True
seed9:GP17,9,GP17,True
seed9:GP18,9,GP18,True
seed9:GP19,9,GP19,True
seed9:GP20,9,GP20,True
seed9:GP21,9,GP21,True
seed9:GP22,9,GP22,True
seed9:GP23,9,GP23,True
seed9:GP24,9,GP24,True
seed9:GP25,9,GP25,True
seed9:GP26,9,GP26,True
seed9:GP27,9,GP27,True
seed9:GP28,9,GP28,True
seed9:GP29,9,GP29,True
seed9:GP30,9,GP30,True
seed9:GP31,9,GP31,True
seed9:GP32,9,GP32,True
seed9:GP33,9,GP33,True
seed9:GP34,9,GP34,True
seed9:GP35,9,GP35,True
seed9:GP36,9,GP36,True
seed9:GP37,9,GP37,True
seed9:GP38,9,GP38,True
seed9:GP39,9,GP39,True
seed9:GP40,9,GP40,True
seed9:GP41,9,GP41,True
seed9:GP42,9,GP42,True
seed9:GP43,9,GP43,True
seed9:GP44,9,GP44,True
seed9:GP45,9,GP45,True
seed9:GP46,9,GP46,True
seed9:GP47,9,GP47,True
seed9:GP48,9,GP48,True
seed9:GP49,9,GP49,True
seed9:GP50,9,GP50,True
seed9:GP51,9,GP51,True
seed9:GP52,9,GP52,True
seed9:GP53,9,GP53,True
seed9:GP54,9,GP54,True
seed9:GP55,9,GP55,True
seed9:GP56,9,GP56,True
seed9:GP57,9,GP57,True
seed9:GP58,9,GP58,True
seed9:GP59,9,GP59,True
seed9:GP60,9,GP60,True
seed9:GP61,9,GP61,True
seed9:GP62,9,GP62,True
seed9:GP63,9,GP63,True
seed9:GP64,9,GP64,True
seed9:GP65,9,GP65,True
seed9:GP66,9,GP66,True
seed9:GP67,9,GP67,True
seed9:GP68,9,GP68,True
seed9:GP69,9,GP69,True
seed9:GP70,9,GP70,True
seed9:GP71,9,GP71,True
seed9:GP72,9,GP72,True
seed9:GP73,9,GP73,True
seed9:GP74,9,GP74,True
seed9:GP75,9,GP75,True
seed9:GP76,9,GP76,True
seed9:GP77,9,GP77,True
seed9:GP78,9,GP78,True
seed9:GP79,9,GP79,True
seed9:GP80,9,GP80,True
seed9:GP81,9,GP81,True
seed9:GP82,9,GP82,True
seed9:GP83,9,GP83,True
seed9:GP84,9,GP84,True
seed9:GP85,9,GP85,True
seed9:GP86,9,GP86,True
seed9:GP87,9,GP87,True
seed9:GP88,9,GP88,True
seed9:GP89,9,GP89,True
seed9:GP90,9,GP90,True
seed9:GP91,9,GP91,True
seed9:GP92,9,GP92,True
seed9:GP93,9,GP93,True
seed9:GP94,9,GP94,True
seed9:GP95,9,GP95,True
seed9:GP96,9,GP96,True
seed9:GP97,9,GP97,True
seed9:GP98,9,GP98,True
seed9:GP99,9,GP99,True
seed9:GP100,9,GP100,True
seed9:GP101,9,GP101,True
seed9:GP102,9,GP102,True
seed9:GP103,9,GP103,True
seed9:GP104,9,GP104,True
seed9:GP105,9,GP105,True
seed9:GP106,9,GP106,True
seed9:GP107,9,GP107,True
seed9:GP108,9,GP108,True
seed9:GP109,9,GP109,True
seed9:GP110,9,GP110,True
seed9:GP111,9,GP111,True
seed9:GP112,9,GP112,True
seed9:GP113,9,GP113,True
seed9:GP114,9,GP114,True
seed9:GP115,9,GP115,True
seed9:GP116,9,GP116,True
seed9:GP117,9,GP117,True
seed9:GP118,9,GP118,True
seed9:GP119,9,GP119,True
seed9:GP120,9,GP120,True
seed9:GP121,9,GP121,True
seed9:GP122,9,GP122,True
seed9:GP123,9,GP123,True
seed9:GP124,9,GP124,True
seed9:GP125,9,GP125,True
seed9:GP126,9,GP126,True
seed9:GP127,9,GP127,True
seed9:GP128,9,GP128,True
seed9:GP129,9,GP129,True
seed9:GP130,9,GP130,True
seed9:GP131,9,GP131,True
seed9:GP132,9,GP132,True
seed9:GP133,9,GP133,True
seed9:GP134,9,GP134,True
seed9:GP135,9,GP135,True
seed9:GP136,9,GP136,True
seed9:GP137,9,GP137,True
seed9:GP138,9,GP138,True
seed9:GP139,9,GP139,True
seed9:GP140,9,GP140,True
seed9:GP141,9,GP141,True
seed9:GP142,9,GP142,True
seed9:GP143,9,GP143,True
seed9:GP144,9,GP144,True
seed9:GP145,9,GP145,True
seed9:GP146,9,GP146,True
seed9:GP147,9,GP147,True
seed9:GP148,9,GP148,True
seed9:GP149,9,GP149,True
seed9:GP150,9,GP150,True
seed9:GP151,9,GP151,True
seed9:GP152,9,GP152,True
seed9:GP153,9,GP153,True
seed9:GP154,9,GP154,True
seed9:GP155,9,GP155,True
seed9:GP156,9,GP156,True
seed9:GP157,9,GP157,True
seed9:GP158,9,GP158,True
seed9:GP159,9,GP159,True
seed9:GP160,9,GP160,True
seed9:GP161,9,GP161,True
seed9:GP162,9,GP162,True
seed9:GP163,9,GP163,True
seed9:GP164,9,GP164,True
seed9:GP165,9,GP165,True
seed9:GP166,9,GP166,True
seed9:GP167,9,GP167,True
seed9:GP168,9,GP168,True
seed9:GP169,9,GP169,True
seed9:GP170,9,GP170,True
seed9:GP171,9,GP171,True
seed9:GP172,9,GP172,True
seed9:GP173,9,GP173,True
seed9:GP174,9,GP174,True
seed9:GP175,9,GP175,True
seed9:GP176,9,GP176,True
seed9:GP177,9,GP177,True
seed9:GP178,9,GP178,True
seed9:GP179,9,GP179,True
seed9:GP180,9,GP180,True
seed9:GP181,9,GP181,True
seed9:GP182,9,GP182,True
seed9:GP183,9,GP183,True
seed9:GP184,9,GP184,True
seed9:GP185,9,GP185,True
seed9:GP186,9,GP186,True
seed9:GP187,9,GP187,True
seed9:GP188,9,GP188,True
seed9:GP189,9,GP189,True
seed9:GP190,9,GP190,True
seed9:GP191,9,GP191,True
seed9:GP192,9,GP192,True
seed9:GP193,9,GP193,True
seed9:GP194,9,GP194,True
seed9:GP195,9,GP195,True
seed9:GP196,9,GP196,True
seed9:GP197,9,GP197,True
seed9:GP198,9,GP198,True
seed9:GP199,9,GP199,True
seed9:GP200,9,GP200,True
seed9:GP201,9,GP201,True
seed9:GP202,9,GP202,True
seed9:GP203,9,GP203,True
seed9:GP204,9,GP204,True
seed9:GP205,9,GP205,True
seed9:GP206,9,GP206,True
seed9:GP207,9,GP207,True
seed9:GP208,9,GP208,True
seed9:GP209,9,GP209,True
seed9:GP210,9,GP210,True
seed9:GP211,9,GP211,True
seed9:GP212,9,GP212,True
seed9:GP213,9,GP213,True
seed9:GP214,9,GP214,True
seed9:GP215,9,GP215,True
seed9:GP216,9,GP216,True
seed9:GP217,9,GP217,True
seed9:GP218,9,GP218,True
seed9:GP219,9,GP219,True
seed9:GP220,9,GP220,True
seed9:GP221,9,GP221,True
seed9:GP222,9,GP222,True
seed9:GP223,9,GP223,True
seed9:GP224,9,GP224,True
seed9:GP225,9,GP225,True
seed9:GP226,9,GP226,True
seed9:GP227,9,GP227,True
seed9:GP228,9,GP228,True
seed9:GP229,9,GP229,True
seed9:GP230,9,GP230,True
seed9:GP231,9,GP231,True
seed9:GP232,9,GP232,True
seed9:GP233,9,GP233,True
seed9:GP234,9,GP234,True
seed9:GP235,9,GP235,True
seed9:GP236,9,GP236,True
seed9:GP237,9,GP237,True
seed9:GP238,9,GP238,True
seed9:GP239,9,GP239,True
seed9:GP240,9,GP240,True
seed9:GP241,9,GP241,True
seed9:GP242,9,GP242,True
seed9:GP243,9,GP243,True
seed9:GP244,9,GP244,True
seed9:GP245,9,GP245,True
seed9:GP246,9,GP246,True
seed9:GP247,9,GP247,True
seed9:GP248,9,GP248,True
seed9:GP249,9,GP249,True
seed9:GP250,9,GP250,True
seed9:GP251,9,GP251,True
seed9:GP252,9,GP252,True
seed9:GP253,9,GP253,True
seed9:GP254,9,GP254,True
seed9:GP255,9,GP255,True
