panel,figure_label,method,program,seed,rqvi_gp,flashier_factor,gene,gene_effect,mean_log_expr,source_column,above_0p1,abs_above_0p1,rank_positive_effect,rank_abs_effect
Fig7f,Figure 7f,RQVI,RQVI GP45 (seed 0),0,45,,Junb,0.74630344,0.9999662583638584,45,True,True,1,1
Fig7f,Figure 7f,RQVI,RQVI GP45 (seed 0),0,45,,Ier2,0.51231146,0.4253623314684862,45,True,True,2,4
Fig7f,Figure 7f,RQVI,RQVI GP45 (seed 0),0,45,,Nr4a1,0.4777559,0.1869668052431459,45,True,True,3,5
Fig7f,Figure 7f,RQVI,RQVI GP45 (seed 0),0,45,,Nfkbia,0.45807207,0.5145270074429671,45,True,True,4,6
Fig7f,Figure 7f,RQVI,RQVI GP45 (seed 0),0,45,,Vim,0.4521296,0.7035351041512052,45,True,True,5,7
Fig7f,Figure 7f,RQVI,RQVI GP45 (seed 0),0,45,,Tnfaip3,0.4203877,0.3363646750492486,45,True,True,6,8
Fig7f,Figure 7f,RQVI,RQVI GP45 (seed 0),0,45,,Klf6,0.3888356,0.3315792175138229,45,True,True,7,9
Fig7f,Figure 7f,RQVI,RQVI GP45 (seed 0),0,45,,Vps37b,0.38621894,0.4792467047241613,45,True,True,8,10
Fig7f,Figure 7f,RQVI,RQVI GP45 (seed 0),0,45,,Ppp1r15a,0.37495714,0.2193269740100628,45,True,True,9,11
Fig7f,Figure 7f,RQVI,RQVI GP45 (seed 0),0,45,,Lgals1,0.36344594,0.634662657152055,45,True,True,10,12
Fig7f,Figure 7f,RQVI,RQVI GP45 (seed 0),0,45,,Fos,0.36313903,0.2931373640322552,45,True,True,11,13
Fig7f,Figure 7f,RQVI,RQVI GP45 (seed 0),0,45,,Jund,0.3590169,0.9376713915855432,45,True,True,12,14
Fig7f,Figure 7f,RQVI,RQVI GP45 (seed 0),0,45,,Dusp2,0.35637915,0.2214734665654326,45,True,True,13,15
Fig7f,Figure 7f,RQVI,RQVI GP45 (seed 0),0,45,,Itgb1,0.3485518,0.2507027678295812,45,True,True,14,16
Fig7f,Figure 7f,RQVI,RQVI GP45 (seed 0),0,45,,S100a6,0.34567207,0.5167524225299902,45,True,True,15,17
Fig7f,Figure 7f,RQVI,RQVI GP45 (seed 0),0,45,,Crip1,0.34413373,0.9662287572393072,45,True,True,16,18
Fig7f,Figure 7f,RQVI,RQVI GP45 (seed 0),0,45,,Bhlhe40,0.34067982,0.1622003557005937,45,True,True,17,19
Fig7f,Figure 7f,RQVI,RQVI GP45 (seed 0),0,45,,Dusp1,0.33569205,0.2929474828736148,45,True,True,18,20
Fig7f,Figure 7f,RQVI,RQVI GP45 (seed 0),0,45,,Ccl4,0.3355137,0.1143485585684881,45,True,True,19,21
Fig7f,Figure 7f,RQVI,RQVI GP45 (seed 0),0,45,,Ifng,0.3108102,0.0704083942707197,45,True,True,20,22
Fig7f,Figure 7f,RQVI,RQVI GP45 (seed 0),0,45,,Pnrc1,0.2963742,0.7462375857713398,45,True,True,21,23
Fig7f,Figure 7f,RQVI,RQVI GP45 (seed 0),0,45,,Zfp36l2,0.29388893,0.4557381394779798,45,True,True,22,24
Fig7f,Figure 7f,RQVI,RQVI GP45 (seed 0),0,45,,Ahnak,0.29380614,0.3041799837137325,45,True,True,23,25
Fig7f,Figure 7f,RQVI,RQVI GP45 (seed 0),0,45,,Zfp36,0.29148543,0.3313246840135914,45,True,True,24,27
Fig7f,Figure 7f,RQVI,RQVI GP45 (seed 0),0,45,,Ifrd1,0.28301877,0.2346207877618552,45,True,True,25,28
Fig7f,Figure 7f,RQVI,RQVI GP45 (seed 0),0,45,,Tagln2,0.2716974,0.5945671620345071,45,True,True,26,29
Fig7f,Figure 7f,RQVI,RQVI GP45 (seed 0),0,45,,Ifngr1,0.26220542,0.5561803522619235,45,True,True,27,30
Fig7f,Figure 7f,RQVI,RQVI GP45 (seed 0),0,45,,Nfkbid,0.262177,0.1054381169072302,45,True,True,28,31
Fig7f,Figure 7f,RQVI,RQVI GP45 (seed 0),0,45,,Klf2,0.25894982,0.7539940142229535,45,True,True,29,32
Fig7f,Figure 7f,RQVI,RQVI GP45 (seed 0),0,45,,Pim1,0.24929091,0.314278870721948,45,True,True,30,34
Fig7f,Figure 7f,RQVI,RQVI GP45 (seed 0),0,45,,Anxa2,0.24613559,0.228858558444483,45,True,True,31,35
Fig7f,Figure 7f,RQVI,RQVI GP45 (seed 0),0,45,,Ly6c2,0.24279737,0.3447144581169442,45,True,True,32,36
Fig7f,Figure 7f,RQVI,RQVI GP45 (seed 0),0,45,,Nr4a3,0.24014448,0.1113142028569125,45,True,True,33,37
Fig7f,Figure 7f,RQVI,RQVI GP45 (seed 0),0,45,,Dusp5,0.23862791,0.1833881784969917,45,True,True,34,38
Fig7f,Figure 7f,RQVI,RQVI GP45 (seed 0),0,45,,Btg2,0.23746985,0.4782499305708411,45,True,True,35,39
Fig7f,Figure 7f,RQVI,RQVI GP45 (seed 0),0,45,,Ms4a4b,0.23673141,1.079985791150453,45,True,True,36,40
Fig7f,Figure 7f,RQVI,RQVI GP45 (seed 0),0,45,,Dennd4a,0.23574224,0.339845826214157,45,True,True,37,41
Fig7f,Figure 7f,RQVI,RQVI GP45 (seed 0),0,45,,Cd69,0.23492837,0.1873477848525915,45,True,True,38,42
Fig7f,Figure 7f,RQVI,RQVI GP45 (seed 0),0,45,,Actg1,0.2336781,1.5928702339434115,45,True,True,39,43
Fig7f,Figure 7f,RQVI,RQVI GP45 (seed 0),0,45,,Zfp36l1,0.22953087,0.4936263172439352,45,True,True,40,44
Fig7f,Figure 7f,RQVI,RQVI GP45 (seed 0),0,45,,Cd82,0.217094,0.3594609779417639,45,True,True,41,45
Fig7f,Figure 7f,RQVI,RQVI GP45 (seed 0),0,45,,Cd74,0.21589428,0.0684969651175418,45,True,True,42,46
Fig7f,Figure 7f,RQVI,RQVI GP45 (seed 0),0,45,,Nr4a2,0.21307619,0.1868035300311853,45,True,True,43,47
Fig7f,Figure 7f,RQVI,RQVI GP45 (seed 0),0,45,,Ccr7,0.20895511,0.4167547181375548,45,True,True,44,50
Fig7f,Figure 7f,RQVI,RQVI GP45 (seed 0),0,45,,Samhd1,0.20633918,0.3535322279113236,45,True,True,45,51
Fig7f,Figure 7f,RQVI,RQVI GP45 (seed 0),0,45,,Tnf,0.20612243,0.0611905734521427,45,True,True,46,52
Fig7f,Figure 7f,RQVI,RQVI GP45 (seed 0),0,45,,Gadd45b,0.2044582,0.1482044432805126,45,True,True,47,54
Fig7f,Figure 7f,RQVI,RQVI GP45 (seed 0),0,45,,Zyx,0.20354116,0.272561217058221,45,True,True,48,55
Fig7f,Figure 7f,RQVI,RQVI GP45 (seed 0),0,45,,Jun,0.20205611,0.2437145558637696,45,True,True,49,56
Fig7f,Figure 7f,RQVI,RQVI GP45 (seed 0),0,45,,H3f3b,0.1994183,1.3906502903675446,45,True,True,50,57
Fig7f,Figure 7f,RQVI,RQVI GP45 (seed 0),0,45,,Srgn,0.19745713,0.9423947321893886,45,True,True,51,58
Fig7f,Figure 7f,RQVI,RQVI GP45 (seed 0),0,45,,Traf1,0.19565979,0.2054035929710957,45,True,True,52,59
Fig7f,Figure 7f,RQVI,RQVI GP45 (seed 0),0,45,,Areg,0.1905824,0.0440679195325982,45,True,True,53,61
Fig7f,Figure 7f,RQVI,RQVI GP45 (seed 0),0,45,,Csrnp1,0.18648854,0.079961762284851,45,True,True,54,62
Fig7f,Figure 7f,RQVI,RQVI GP45 (seed 0),0,45,,Tagap,0.18593095,0.1334337926254649,45,True,True,55,63
Fig7f,Figure 7f,RQVI,RQVI GP45 (seed 0),0,45,,Tsc22d3,0.18500459,0.3551576273179881,45,True,True,56,64
Fig7f,Figure 7f,RQVI,RQVI GP45 (seed 0),0,45,,Cd8b1,0.18432897,0.4158294001918696,45,True,True,57,65
Fig7f,Figure 7f,RQVI,RQVI GP45 (seed 0),0,45,,Rgcc,0.18388456,0.1947765947499924,45,True,True,58,66
Fig7f,Figure 7f,RQVI,RQVI GP45 (seed 0),0,45,,Ubald2,0.1825587,0.2547656892039489,45,True,True,59,67
Fig7f,Figure 7f,RQVI,RQVI GP45 (seed 0),0,45,,Myc,0.17990614,0.1199664872511615,45,True,True,60,68
Fig7f,Figure 7f,RQVI,RQVI GP45 (seed 0),0,45,,Odc1,0.17614704,0.2374356345244344,45,True,True,61,69
Fig7f,Figure 7f,RQVI,RQVI GP45 (seed 0),0,45,,Lgals3,0.17337641,0.1538064384509414,45,True,True,62,70
Fig7f,Figure 7f,RQVI,RQVI GP45 (seed 0),0,45,,Arf4,0.17333144,0.2704011178157228,45,True,True,63,71
Fig7f,Figure 7f,RQVI,RQVI GP45 (seed 0),0,45,,Hspa1b,0.17125022,0.0624933114718565,45,True,True,64,72
Fig7f,Figure 7f,RQVI,RQVI GP45 (seed 0),0,45,,Emp3,0.1705327,0.5195268067784439,45,True,True,65,73
Fig7f,Figure 7f,RQVI,RQVI GP45 (seed 0),0,45,,Il21r,0.16987962,0.2822926816408958,45,True,True,66,74
Fig7f,Figure 7f,RQVI,RQVI GP45 (seed 0),0,45,,Tnfrsf4,0.16927345,0.1139035122876565,45,True,True,67,76
Fig7f,Figure 7f,RQVI,RQVI GP45 (seed 0),0,45,,Emb,0.16922557,0.5145553936696291,45,True,True,68,77
Fig7f,Figure 7f,RQVI,RQVI GP45 (seed 0),0,45,,Atp1b3,0.16741979,0.5319206838603104,45,True,True,69,78
Fig7f,Figure 7f,RQVI,RQVI GP45 (seed 0),0,45,,Fosb,0.1666437,0.068966688315794,45,True,True,70,80
Fig7f,Figure 7f,RQVI,RQVI GP45 (seed 0),0,45,,Ubc,0.16624027,0.5741273299485325,45,True,True,71,82
Fig7f,Figure 7f,RQVI,RQVI GP45 (seed 0),0,45,,Tnfrsf9,0.16575274,0.1247124860143139,45,True,True,72,83
Fig7f,Figure 7f,RQVI,RQVI GP45 (seed 0),0,45,,Gem,0.15918085,0.0783500290293488,45,True,True,73,86
Fig7f,Figure 7f,RQVI,RQVI GP45 (seed 0),0,45,,Satb1,0.1576818,0.389834846829167,45,True,True,74,87
Fig7f,Figure 7f,RQVI,RQVI GP45 (seed 0),0,45,,Orai1,0.15680702,0.1665250735457558,45,True,True,75,88
Fig7f,Figure 7f,RQVI,RQVI GP45 (seed 0),0,45,,Ctla4,0.15653928,0.1528470958732425,45,True,True,76,89
Fig7f,Figure 7f,RQVI,RQVI GP45 (seed 0),0,45,,Tpm4,0.15639615,0.2239326258645197,45,True,True,77,90
Fig7f,Figure 7f,RQVI,RQVI GP45 (seed 0),0,45,,Fosl2,0.15604869,0.0957390653064431,45,True,True,78,91
Fig7f,Figure 7f,RQVI,RQVI GP45 (seed 0),0,45,,Tgif1,0.15556566,0.095343182741251,45,True,True,79,92
Fig7f,Figure 7f,RQVI,RQVI GP45 (seed 0),0,45,,Ier5,0.15517747,0.1838453012242816,45,True,True,80,93
Fig7f,Figure 7f,RQVI,RQVI GP45 (seed 0),0,45,,Rgs16,0.15440206,0.031605840727271,45,True,True,81,94
Fig7f,Figure 7f,RQVI,RQVI GP45 (seed 0),0,45,,Cebpb,0.1541774,0.1873568529145369,45,True,True,82,95
Fig7f,Figure 7f,RQVI,RQVI GP45 (seed 0),0,45,,Ms4a6b,0.15364039,0.5943867551774948,45,True,True,83,96
Fig7f,Figure 7f,RQVI,RQVI GP45 (seed 0),0,45,,Coq10b,0.1526428,0.1030901761160711,45,True,True,84,98
Fig7f,Figure 7f,RQVI,RQVI GP45 (seed 0),0,45,,H2az1,0.15212196,0.6832562308588024,45,True,True,85,99
Fig7f,Figure 7f,RQVI,RQVI GP45 (seed 0),0,45,,Dnaja1,0.15014032,0.4600733983920357,45,True,True,86,102
Fig7f,Figure 7f,RQVI,RQVI GP45 (seed 0),0,45,,Zc3hav1,0.14954725,0.3273080763525543,45,True,True,87,103
Fig7f,Figure 7f,RQVI,RQVI GP45 (seed 0),0,45,,S100a10,0.14911932,0.8573808371886145,45,True,True,88,104
Fig7f,Figure 7f,RQVI,RQVI GP45 (seed 0),0,45,,Nkg7,0.14712155,0.7700028486766818,45,True,True,89,105
Fig7f,Figure 7f,RQVI,RQVI GP45 (seed 0),0,45,,H2-Ab1,0.1468434,0.0192683764671918,45,True,True,90,106
Fig7f,Figure 7f,RQVI,RQVI GP45 (seed 0),0,45,,Ly6a,0.14648318,0.4324025060635709,45,True,True,91,107
Fig7f,Figure 7f,RQVI,RQVI GP45 (seed 0),0,45,,Hspa1a,0.14628704,0.0522967232202243,45,True,True,92,108
Fig7f,Figure 7f,RQVI,RQVI GP45 (seed 0),0,45,,Ifi27l2a,0.14472443,0.6944381435965176,45,True,True,93,109
Fig7f,Figure 7f,RQVI,RQVI GP45 (seed 0),0,45,,Arl4c,0.14421466,0.2620361127097733,45,True,True,94,110
Fig7f,Figure 7f,RQVI,RQVI GP45 (seed 0),0,45,,Flna,0.14387065,0.2969038338132564,45,True,True,95,111
Fig7f,Figure 7f,RQVI,RQVI GP45 (seed 0),0,45,,Itk,0.14329964,0.585783068408342,45,True,True,96,113
Fig7f,Figure 7f,RQVI,RQVI GP45 (seed 0),0,45,,Icam1,0.14319666,0.1015257574618175,45,True,True,97,114
Fig7f,Figure 7f,RQVI,RQVI GP45 (seed 0),0,45,,Rasa3,0.1431461,0.2316408723644279,45,True,True,98,115
Fig7f,Figure 7f,RQVI,RQVI GP45 (seed 0),0,45,,Rnf125,0.14291376,0.1748255163622616,45,True,True,99,117
Fig7f,Figure 7f,RQVI,RQVI GP45 (seed 0),0,45,,Nfkbiz,0.13706718,0.0965998281042395,45,True,True,100,118
Fig7f,Figure 7f,RQVI,RQVI GP45 (seed 0),0,45,,Crybg1,0.1367222,0.0935501556333337,45,True,True,101,119
Fig7f,Figure 7f,RQVI,RQVI GP45 (seed 0),0,45,,Kdm6b,0.13298613,0.0902957420031026,45,True,True,102,122
Fig7f,Figure 7f,RQVI,RQVI GP45 (seed 0),0,45,,Hspa5,0.13269359,0.4882879819819578,45,True,True,103,123
Fig7f,Figure 7f,RQVI,RQVI GP45 (seed 0),0,45,,Tubb5,0.13143378,0.4936079147733681,45,True,True,104,124
Fig7f,Figure 7f,RQVI,RQVI GP45 (seed 0),0,45,,Fasl,0.12955153,0.1015713536465486,45,True,True,105,125
Fig7f,Figure 7f,RQVI,RQVI GP45 (seed 0),0,45,,Gna13,0.12929502,0.2150880146032824,45,True,True,106,126
Fig7f,Figure 7f,RQVI,RQVI GP45 (seed 0),0,45,,Ier5l,0.12772739,0.0772209896078668,45,True,True,107,128
Fig7f,Figure 7f,RQVI,RQVI GP45 (seed 0),0,45,,Thy1,0.1276232,0.6804757148165337,45,True,True,108,129
Fig7f,Figure 7f,RQVI,RQVI GP45 (seed 0),0,45,,Sqstm1,0.12735367,0.4399895164170389,45,True,True,109,130
Fig7f,Figure 7f,RQVI,RQVI GP45 (seed 0),0,45,,Tmem64,0.12676609,0.1095142963823315,45,True,True,110,132
Fig7f,Figure 7f,RQVI,RQVI GP45 (seed 0),0,45,,Fam107b,0.12331092,0.4018242353421728,45,True,True,111,133
Fig7f,Figure 7f,RQVI,RQVI GP45 (seed 0),0,45,,Smad7,0.12195611,0.1907606647207175,45,True,True,112,134
Fig7f,Figure 7f,RQVI,RQVI GP45 (seed 0),0,45,,Gch1,0.1217415,0.0911001431027102,45,True,True,113,135
Fig7f,Figure 7f,RQVI,RQVI GP45 (seed 0),0,45,,Cd83,0.121397674,0.0282142603828452,45,True,True,114,136
Fig7f,Figure 7f,RQVI,RQVI GP45 (seed 0),0,45,,Atp2b1,0.121104866,0.2262558975653996,45,True,True,115,137
Fig7f,Figure 7f,RQVI,RQVI GP45 (seed 0),0,45,,Pglyrp1,0.12007475,0.1433585264654464,45,True,True,116,140
Fig7f,Figure 7f,RQVI,RQVI GP45 (seed 0),0,45,,Nfkb1,0.12006393,0.2441920891136621,45,True,True,117,141
Fig7f,Figure 7f,RQVI,RQVI GP45 (seed 0),0,45,,S1pr1,0.11979523,0.2585444205926601,45,True,True,118,142
Fig7f,Figure 7f,RQVI,RQVI GP45 (seed 0),0,45,,Serpinb9,0.11688727,0.0752760133126839,45,True,True,119,144
Fig7f,Figure 7f,RQVI,RQVI GP45 (seed 0),0,45,,Ifnar1,0.11670841,0.1162368656167812,45,True,True,120,145
Fig7f,Figure 7f,RQVI,RQVI GP45 (seed 0),0,45,,Il7r,0.11625284,0.5220813636442421,45,True,True,121,146
Fig7f,Figure 7f,RQVI,RQVI GP45 (seed 0),0,45,,Kdm2b,0.11520237,0.1201107640468314,45,True,True,122,148
Fig7f,Figure 7f,RQVI,RQVI GP45 (seed 0),0,45,,Rilpl2,0.11485095,0.109685748053403,45,True,True,123,149
Fig7f,Figure 7f,RQVI,RQVI GP45 (seed 0),0,45,,Egr1,0.114754796,0.0977729163658439,45,True,True,124,150
Fig7f,Figure 7f,RQVI,RQVI GP45 (seed 0),0,45,,Mxd1,0.11440294,0.0901856828514673,45,True,True,125,151
Fig7f,Figure 7f,RQVI,RQVI GP45 (seed 0),0,45,,Cish,0.113880426,0.0871224302332308,45,True,True,126,153
Fig7f,Figure 7f,RQVI,RQVI GP45 (seed 0),0,45,,Txn1,0.113737375,0.3246848277679157,45,True,True,127,154
Fig7f,Figure 7f,RQVI,RQVI GP45 (seed 0),0,45,,Atp1a1,0.11337246,0.197815148545406,45,True,True,128,155
Fig7f,Figure 7f,RQVI,RQVI GP45 (seed 0),0,45,,Cd40lg,0.11305854,0.1159890533217735,45,True,True,129,156
Fig7f,Figure 7f,RQVI,RQVI GP45 (seed 0),0,45,,Klrk1,0.112754285,0.0811579336554197,45,True,True,130,158
Fig7f,Figure 7f,RQVI,RQVI GP45 (seed 0),0,45,,Sgk1,0.11216999,0.0800027712736411,45,True,True,131,159
Fig7f,Figure 7f,RQVI,RQVI GP45 (seed 0),0,45,,Dgka,0.11080918,0.4498650800748109,45,True,True,132,161
Fig7f,Figure 7f,RQVI,RQVI GP45 (seed 0),0,45,,Sell,0.11004382,0.2976891673771832,45,True,True,133,162
Fig7f,Figure 7f,RQVI,RQVI GP45 (seed 0),0,45,,Socs3,0.10997605,0.1088304216457981,45,True,True,134,163
Fig7f,Figure 7f,RQVI,RQVI GP45 (seed 0),0,45,,Akap13,0.10965878,0.6145241305787111,45,True,True,135,164
Fig7f,Figure 7f,RQVI,RQVI GP45 (seed 0),0,45,,Arid5a,0.10878907,0.1375253522617701,45,True,True,136,167
Fig7f,Figure 7f,RQVI,RQVI GP45 (seed 0),0,45,,Cxcl10,0.10806987,0.0207559801218,45,True,True,137,169
Fig7f,Figure 7f,RQVI,RQVI GP45 (seed 0),0,45,,Il17a,0.10708627,0.0257447347650535,45,True,True,138,170
Fig7f,Figure 7f,RQVI,RQVI GP45 (seed 0),0,45,,Rgs2,0.10574233,0.1153435661876803,45,True,True,139,172
Fig7f,Figure 7f,RQVI,RQVI GP45 (seed 0),0,45,,Pdcd1,0.105559304,0.0966094528973636,45,True,True,140,173
Fig7f,Figure 7f,RQVI,RQVI GP45 (seed 0),0,45,,Dnajb1,0.105431765,0.2064339806462903,45,True,True,141,174
Fig7f,Figure 7f,RQVI,RQVI GP45 (seed 0),0,45,,Nr3c1,0.105347306,0.2479173761515531,45,True,True,142,175
Fig7f,Figure 7f,RQVI,RQVI GP45 (seed 0),0,45,,Tpt1,0.10490036,1.935185996017276,45,True,True,143,176
Fig7f,Figure 7f,RQVI,RQVI GP45 (seed 0),0,45,,Sh2d2a,0.10484058,0.3137628841265109,45,True,True,144,177
Fig7f,Figure 7f,RQVI,RQVI GP45 (seed 0),0,45,,Hmox1,0.10257915,0.008373646654683,45,True,True,145,179
Fig7f,Figure 7f,RQVI,RQVI GP45 (seed 0),0,45,,Btg1,0.10229957,0.8255316088206961,45,True,True,146,181
Fig7f,Figure 7f,RQVI,RQVI GP45 (seed 0),0,45,,Gpr132,0.101707384,0.2335426011934806,45,True,True,147,182
Fig7f,Figure 7f,RQVI,RQVI GP45 (seed 0),0,45,,Ccl1,0.10165179,0.0034366401149033,45,True,True,148,183
Fig7f,Figure 7f,RQVI,RQVI GP45 (seed 0),0,45,,Zc3h12a,0.10158574,0.076097393274101,45,True,True,149,184
Fig7f,Figure 7f,RQVI,RQVI GP45 (seed 0),0,45,,Cdkn1a,0.1011849,0.045831097389567,45,True,True,150,186
Fig7f,Figure 7f,RQVI,RQVI GP45 (seed 0),0,45,,Rrad,0.10111421,0.082056051894643,45,True,True,151,187
Fig7f,Figure 7f,RQVI,RQVI GP45 (seed 0),0,45,,Litaf,0.10101129,0.152149102983388,45,True,True,152,188
Fig7f,Figure 7f,RQVI,RQVI GP45 (seed 0),0,45,,Tgfb1,0.10095739,0.2311682511593902,45,True,True,153,189
Fig7f,Figure 7f,RQVI,RQVI GP45 (seed 0),0,45,,Lmna,0.10046999,0.0643302885944267,45,True,True,154,190
Fig7f,Figure 7f,RQVI,RQVI GP45 (seed 0),0,45,,Rel,0.100409135,0.1491567468396721,45,True,True,155,191
